{
  "variant": "plain",
  "seed": 2,
  "device": "cuda",
  "dtype": "float32",
  "block_size": 128,
  "batch_size": 2,
  "max_train_steps": 500,
  "parameter_count": 13088160,
  "train_loss": 6.379969948768616,
  "train_ppl": 589.9099798707981,
  "train_tokens_per_second": 3790.0428943290017,
  "train_step_time_ms": 67.54540967941284,
  "val_loss": 7.876116132736206,
  "val_ppl": 2633.6240244762776,
  "eval_tokens_per_second": 78032.42859842154,
  "eval_step_time_ms": 3.2806873321533203
}