{
  "variant": "full",
  "seed": 1,
  "device": "cuda",
  "dtype": "float32",
  "block_size": 128,
  "batch_size": 2,
  "max_train_steps": 500,
  "parameter_count": 13220772,
  "train_loss": 6.992965368270874,
  "train_ppl": 1088.9458185208898,
  "train_tokens_per_second": 3173.8581089850077,
  "train_step_time_ms": 80.65893030166626,
  "val_loss": 7.95764045715332,
  "val_ppl": 2857.323016172657,
  "eval_tokens_per_second": 28610.45582565275,
  "eval_step_time_ms": 8.94777774810791,
  "num_layers_with_stats": 2.0,
  "mean_attention_trigger_rate": 0.625,
  "mean_active_fraction": 0.80888671875,
  "mean_halted_fraction": 0.19111328125,
  "mean_halt_step": 1.8314453125,
  "mean_executed_steps": 2.0,
  "mean_halt_step_by_position": [
    1.725000023841858,
    1.649999976158142,
    1.725000023841858,
    1.850000023841858,
    1.75,
    1.75,
    1.850000023841858,
    1.7999999523162842,
    1.7999999523162842,
    1.850000023841858,
    1.774999976158142,
    1.7999999523162842,
    1.7000000476837158,
    1.899999976158142,
    1.875,
    1.875,
    1.850000023841858,
    1.850000023841858,
    1.875,
    1.7999999523162842,
    1.7999999523162842,
    1.9500000476837158,
    1.7999999523162842,
    1.75,
    1.8250000476837158,
    1.850000023841858,
    1.899999976158142,
    1.8250000476837158,
    1.8250000476837158,
    1.8250000476837158,
    1.774999976158142,
    1.7999999523162842,
    1.899999976158142,
    1.8250000476837158,
    1.7999999523162842,
    1.899999976158142,
    1.8250000476837158,
    1.850000023841858,
    1.774999976158142,
    1.7999999523162842,
    1.7999999523162842,
    1.7000000476837158,
    1.7999999523162842,
    1.899999976158142,
    1.899999976158142,
    1.8250000476837158,
    1.850000023841858,
    1.875,
    1.899999976158142,
    1.899999976158142,
    1.875,
    1.850000023841858,
    1.875,
    1.850000023841858,
    1.899999976158142,
    1.774999976158142,
    1.850000023841858,
    1.899999976158142,
    1.7999999523162842,
    1.875,
    1.9249999523162842,
    1.774999976158142,
    1.7999999523162842,
    1.75,
    1.7999999523162842,
    1.9500000476837158,
    1.8250000476837158,
    1.875,
    1.8250000476837158,
    1.7999999523162842,
    1.8250000476837158,
    1.7999999523162842,
    1.875,
    1.7999999523162842,
    1.899999976158142,
    1.899999976158142,
    1.850000023841858,
    1.899999976158142,
    1.875,
    1.850000023841858,
    1.7000000476837158,
    1.875,
    1.8250000476837158,
    1.8250000476837158,
    1.899999976158142,
    1.7999999523162842,
    1.8250000476837158,
    1.774999976158142,
    1.7999999523162842,
    1.8250000476837158,
    1.850000023841858,
    1.875,
    1.774999976158142,
    1.850000023841858,
    1.7999999523162842,
    1.8250000476837158,
    1.850000023841858,
    1.7999999523162842,
    1.899999976158142,
    1.850000023841858,
    1.850000023841858,
    1.8250000476837158,
    1.9500000476837158,
    1.8250000476837158,
    1.850000023841858,
    1.8250000476837158,
    1.8250000476837158,
    1.7999999523162842,
    1.875,
    1.7999999523162842,
    1.850000023841858,
    1.75,
    1.8250000476837158,
    1.975000023841858,
    1.8250000476837158,
    1.899999976158142,
    1.7000000476837158,
    1.7999999523162842,
    1.774999976158142,
    1.875,
    1.9500000476837158,
    1.7999999523162842,
    1.7999999523162842,
    1.725000023841858,
    1.850000023841858,
    1.850000023841858,
    1.850000023841858,
    1.8250000476837158
  ],
  "halted_fraction_by_position": [
    0.2750000059604645,
    0.3499999940395355,
    0.2874999940395355,
    0.15000000596046448,
    0.25,
    0.25,
    0.15000000596046448,
    0.21250000596046448,
    0.20000000298023224,
    0.15000000596046448,
    0.25,
    0.20000000298023224,
    0.32499998807907104,
    0.10000000149011612,
    0.13750000298023224,
    0.15000000596046448,
    0.15000000596046448,
    0.15000000596046448,
    0.125,
    0.21250000596046448,
    0.20000000298023224,
    0.05000000074505806,
    0.21250000596046448,
    0.25,
    0.20000000298023224,
    0.16249999403953552,
    0.10000000149011612,
    0.17499999701976776,
    0.23749999701976776,
    0.20000000298023224,
    0.23749999701976776,
    0.21250000596046448,
    0.10000000149011612,
    0.20000000298023224,
    0.23749999701976776,
    0.13750000298023224,
    0.22499999403953552,
    0.1875,
    0.26249998807907104,
    0.22499999403953552,
    0.22499999403953552,
    0.3375000059604645,
    0.23749999701976776,
    0.15000000596046448,
    0.10000000149011612,
    0.21250000596046448,
    0.17499999701976776,
    0.13750000298023224,
    0.125,
    0.13750000298023224,
    0.16249999403953552,
    0.16249999403953552,
    0.17499999701976776,
    0.15000000596046448,
    0.10000000149011612,
    0.2750000059604645,
    0.16249999403953552,
    0.11249999701976776,
    0.20000000298023224,
    0.125,
    0.08749999850988388,
    0.30000001192092896,
    0.20000000298023224,
    0.30000001192092896,
    0.22499999403953552,
    0.05000000074505806,
    0.20000000298023224,
    0.13750000298023224,
    0.1875,
    0.22499999403953552,
    0.21250000596046448,
    0.22499999403953552,
    0.15000000596046448,
    0.22499999403953552,
    0.10000000149011612,
    0.10000000149011612,
    0.20000000298023224,
    0.11249999701976776,
    0.16249999403953552,
    0.16249999403953552,
    0.32499998807907104,
    0.16249999403953552,
    0.20000000298023224,
    0.17499999701976776,
    0.125,
    0.21250000596046448,
    0.22499999403953552,
    0.2750000059604645,
    0.21250000596046448,
    0.21250000596046448,
    0.16249999403953552,
    0.17499999701976776,
    0.22499999403953552,
    0.15000000596046448,
    0.22499999403953552,
    0.21250000596046448,
    0.15000000596046448,
    0.21250000596046448,
    0.125,
    0.16249999403953552,
    0.22499999403953552,
    0.23749999701976776,
    0.08749999850988388,
    0.17499999701976776,
    0.16249999403953552,
    0.17499999701976776,
    0.20000000298023224,
    0.22499999403953552,
    0.17499999701976776,
    0.22499999403953552,
    0.17499999701976776,
    0.25,
    0.22499999403953552,
    0.08749999850988388,
    0.22499999403953552,
    0.13750000298023224,
    0.3375000059604645,
    0.23749999701976776,
    0.22499999403953552,
    0.15000000596046448,
    0.08749999850988388,
    0.23749999701976776,
    0.23749999701976776,
    0.3125,
    0.21250000596046448,
    0.20000000298023224,
    0.20000000298023224,
    0.20000000298023224
  ]
}