{
  "variant": "full",
  "seed": 0,
  "device": "cuda",
  "dtype": "float32",
  "block_size": 128,
  "batch_size": 2,
  "max_train_steps": 500,
  "parameter_count": 13220772,
  "train_loss": 6.973044544219971,
  "train_ppl": 1067.4677610444269,
  "train_tokens_per_second": 3277.6654285060863,
  "train_step_time_ms": 78.10437202453613,
  "val_loss": 7.849125242233276,
  "val_ppl": 2563.4909021790504,
  "eval_tokens_per_second": 29256.31379900385,
  "eval_step_time_ms": 8.750247955322266,
  "num_layers_with_stats": 2.0,
  "mean_attention_trigger_rate": 0.05,
  "mean_active_fraction": 0.81025390625,
  "mean_halted_fraction": 0.18974609375,
  "mean_halt_step": 1.88359375,
  "mean_executed_steps": 2.0,
  "mean_halt_step_by_position": [
    1.850000023841858,
    1.899999976158142,
    1.899999976158142,
    1.850000023841858,
    1.9500000476837158,
    1.9500000476837158,
    1.899999976158142,
    1.8250000476837158,
    1.875,
    1.875,
    1.9249999523162842,
    1.899999976158142,
    1.774999976158142,
    1.9249999523162842,
    1.899999976158142,
    1.850000023841858,
    1.899999976158142,
    1.850000023841858,
    1.850000023841858,
    1.7999999523162842,
    1.8250000476837158,
    1.9500000476837158,
    1.850000023841858,
    1.899999976158142,
    1.875,
    1.8250000476837158,
    1.899999976158142,
    1.8250000476837158,
    1.8250000476837158,
    1.899999976158142,
    1.8250000476837158,
    1.875,
    1.9249999523162842,
    1.899999976158142,
    1.7999999523162842,
    2.0,
    1.899999976158142,
    1.899999976158142,
    1.9249999523162842,
    1.9249999523162842,
    1.899999976158142,
    1.875,
    1.899999976158142,
    1.75,
    1.899999976158142,
    1.899999976158142,
    1.6749999523162842,
    1.75,
    1.850000023841858,
    1.8250000476837158,
    1.899999976158142,
    1.9249999523162842,
    1.7999999523162842,
    1.850000023841858,
    1.9249999523162842,
    1.899999976158142,
    1.899999976158142,
    1.875,
    1.975000023841858,
    1.899999976158142,
    1.9500000476837158,
    1.7999999523162842,
    1.9249999523162842,
    1.875,
    1.875,
    1.8250000476837158,
    1.9249999523162842,
    1.7999999523162842,
    1.9249999523162842,
    1.850000023841858,
    1.975000023841858,
    1.875,
    1.875,
    1.875,
    1.9500000476837158,
    1.875,
    1.875,
    1.8250000476837158,
    1.975000023841858,
    1.899999976158142,
    1.850000023841858,
    1.875,
    1.875,
    1.9249999523162842,
    1.9500000476837158,
    1.875,
    1.9249999523162842,
    1.899999976158142,
    1.9500000476837158,
    1.875,
    1.850000023841858,
    1.899999976158142,
    1.875,
    1.9249999523162842,
    1.850000023841858,
    1.899999976158142,
    1.9249999523162842,
    1.9249999523162842,
    1.9500000476837158,
    1.899999976158142,
    1.875,
    1.850000023841858,
    1.875,
    1.850000023841858,
    1.899999976158142,
    1.9249999523162842,
    1.7999999523162842,
    1.850000023841858,
    1.9500000476837158,
    1.9249999523162842,
    1.850000023841858,
    1.9249999523162842,
    1.899999976158142,
    1.975000023841858,
    1.850000023841858,
    1.899999976158142,
    1.875,
    1.9249999523162842,
    1.850000023841858,
    1.899999976158142,
    1.9249999523162842,
    1.7999999523162842,
    1.899999976158142,
    1.875,
    1.975000023841858,
    1.899999976158142,
    1.9249999523162842,
    1.8250000476837158
  ],
  "halted_fraction_by_position": [
    0.15000000596046448,
    0.10000000149011612,
    0.10000000149011612,
    0.15000000596046448,
    0.0625,
    0.0625,
    0.10000000149011612,
    0.1875,
    0.15000000596046448,
    0.15000000596046448,
    0.11249999701976776,
    0.125,
    0.25,
    0.10000000149011612,
    0.15000000596046448,
    0.1875,
    0.13750000298023224,
    0.1875,
    0.17499999701976776,
    0.23749999701976776,
    0.23749999701976776,
    0.0625,
    0.17499999701976776,
    0.17499999701976776,
    0.16249999403953552,
    0.26249998807907104,
    0.15000000596046448,
    0.25,
    0.22499999403953552,
    0.17499999701976776,
    0.1875,
    0.23749999701976776,
    0.13750000298023224,
    0.13750000298023224,
    0.22499999403953552,
    0.08749999850988388,
    0.125,
    0.13750000298023224,
    0.1875,
    0.11249999701976776,
    0.20000000298023224,
    0.21250000596046448,
    0.13750000298023224,
    0.30000001192092896,
    0.16249999403953552,
    0.16249999403953552,
    0.36250001192092896,
    0.32499998807907104,
    0.1875,
    0.2874999940395355,
    0.16249999403953552,
    0.15000000596046448,
    0.2750000059604645,
    0.26249998807907104,
    0.11249999701976776,
    0.17499999701976776,
    0.22499999403953552,
    0.22499999403953552,
    0.11249999701976776,
    0.20000000298023224,
    0.08749999850988388,
    0.2874999940395355,
    0.15000000596046448,
    0.20000000298023224,
    0.25,
    0.25,
    0.17499999701976776,
    0.26249998807907104,
    0.13750000298023224,
    0.23749999701976776,
    0.13750000298023224,
    0.26249998807907104,
    0.22499999403953552,
    0.22499999403953552,
    0.11249999701976776,
    0.1875,
    0.23749999701976776,
    0.23749999701976776,
    0.125,
    0.15000000596046448,
    0.23749999701976776,
    0.16249999403953552,
    0.1875,
    0.17499999701976776,
    0.13750000298023224,
    0.20000000298023224,
    0.16249999403953552,
    0.21250000596046448,
    0.17499999701976776,
    0.1875,
    0.21250000596046448,
    0.23749999701976776,
    0.16249999403953552,
    0.15000000596046448,
    0.21250000596046448,
    0.22499999403953552,
    0.17499999701976776,
    0.17499999701976776,
    0.16249999403953552,
    0.21250000596046448,
    0.21250000596046448,
    0.2874999940395355,
    0.21250000596046448,
    0.21250000596046448,
    0.22499999403953552,
    0.1875,
    0.3125,
    0.2750000059604645,
    0.1875,
    0.16249999403953552,
    0.25,
    0.20000000298023224,
    0.17499999701976776,
    0.11249999701976776,
    0.22499999403953552,
    0.20000000298023224,
    0.25,
    0.13750000298023224,
    0.25,
    0.17499999701976776,
    0.21250000596046448,
    0.30000001192092896,
    0.20000000298023224,
    0.26249998807907104,
    0.15000000596046448,
    0.22499999403953552,
    0.15000000596046448,
    0.2750000059604645
  ]
}