{
  "variant": "full",
  "seed": 2,
  "device": "cuda",
  "dtype": "float32",
  "block_size": 128,
  "batch_size": 2,
  "max_train_steps": 500,
  "parameter_count": 13220772,
  "train_loss": 6.916483506202698,
  "train_ppl": 1008.7664292602398,
  "train_tokens_per_second": 3302.891593716835,
  "train_step_time_ms": 77.50784206390381,
  "val_loss": 7.988773822784424,
  "val_ppl": 2947.680364142335,
  "eval_tokens_per_second": 25920.516024372107,
  "eval_step_time_ms": 9.876346588134766,
  "num_layers_with_stats": 2.0,
  "mean_attention_trigger_rate": 0.125,
  "mean_active_fraction": 0.933984375,
  "mean_halted_fraction": 0.066015625,
  "mean_halt_step": 1.9650390625,
  "mean_executed_steps": 2.0,
  "mean_halt_step_by_position": [
    1.975000023841858,
    2.0,
    1.975000023841858,
    2.0,
    1.975000023841858,
    1.975000023841858,
    1.975000023841858,
    2.0,
    2.0,
    1.9500000476837158,
    2.0,
    1.975000023841858,
    1.9249999523162842,
    2.0,
    1.9500000476837158,
    1.9500000476837158,
    1.9500000476837158,
    1.975000023841858,
    1.9249999523162842,
    2.0,
    1.975000023841858,
    2.0,
    1.9249999523162842,
    1.9500000476837158,
    1.975000023841858,
    1.975000023841858,
    1.975000023841858,
    1.975000023841858,
    1.9249999523162842,
    1.975000023841858,
    1.9500000476837158,
    1.975000023841858,
    1.975000023841858,
    2.0,
    2.0,
    2.0,
    1.9500000476837158,
    1.975000023841858,
    1.975000023841858,
    1.975000023841858,
    1.9249999523162842,
    2.0,
    1.9500000476837158,
    1.975000023841858,
    1.9500000476837158,
    1.875,
    1.975000023841858,
    1.9249999523162842,
    1.9500000476837158,
    1.9500000476837158,
    1.975000023841858,
    1.975000023841858,
    1.975000023841858,
    1.975000023841858,
    2.0,
    1.9249999523162842,
    1.975000023841858,
    1.975000023841858,
    2.0,
    1.9249999523162842,
    1.9500000476837158,
    1.9249999523162842,
    1.9500000476837158,
    1.975000023841858,
    1.975000023841858,
    1.975000023841858,
    1.975000023841858,
    1.9500000476837158,
    1.9500000476837158,
    1.975000023841858,
    1.9500000476837158,
    1.9500000476837158,
    1.975000023841858,
    1.975000023841858,
    1.899999976158142,
    1.975000023841858,
    2.0,
    1.975000023841858,
    1.9500000476837158,
    1.9500000476837158,
    1.975000023841858,
    1.975000023841858,
    1.9500000476837158,
    1.9249999523162842,
    1.975000023841858,
    2.0,
    1.9249999523162842,
    1.9249999523162842,
    1.9500000476837158,
    1.975000023841858,
    2.0,
    2.0,
    1.975000023841858,
    1.9500000476837158,
    2.0,
    1.9500000476837158,
    1.975000023841858,
    2.0,
    1.9249999523162842,
    1.9500000476837158,
    1.975000023841858,
    1.9500000476837158,
    1.975000023841858,
    1.9500000476837158,
    1.899999976158142,
    1.9500000476837158,
    1.9500000476837158,
    1.9249999523162842,
    1.975000023841858,
    2.0,
    1.9500000476837158,
    1.9500000476837158,
    1.9500000476837158,
    1.975000023841858,
    2.0,
    2.0,
    1.975000023841858,
    1.975000023841858,
    1.9249999523162842,
    1.975000023841858,
    2.0,
    1.975000023841858,
    1.9249999523162842,
    1.9500000476837158,
    2.0,
    1.975000023841858,
    1.975000023841858,
    1.9249999523162842
  ],
  "halted_fraction_by_position": [
    0.02500000037252903,
    0.0,
    0.02500000037252903,
    0.0,
    0.02500000037252903,
    0.02500000037252903,
    0.05000000074505806,
    0.012500000186264515,
    0.0,
    0.0625,
    0.03750000149011612,
    0.07500000298023224,
    0.08749999850988388,
    0.012500000186264515,
    0.07500000298023224,
    0.07500000298023224,
    0.0625,
    0.02500000037252903,
    0.08749999850988388,
    0.012500000186264515,
    0.03750000149011612,
    0.0,
    0.08749999850988388,
    0.0625,
    0.02500000037252903,
    0.0625,
    0.08749999850988388,
    0.0625,
    0.13750000298023224,
    0.03750000149011612,
    0.07500000298023224,
    0.0625,
    0.05000000074505806,
    0.012500000186264515,
    0.02500000037252903,
    0.03750000149011612,
    0.10000000149011612,
    0.05000000074505806,
    0.05000000074505806,
    0.07500000298023224,
    0.10000000149011612,
    0.012500000186264515,
    0.08749999850988388,
    0.02500000037252903,
    0.08749999850988388,
    0.15000000596046448,
    0.07500000298023224,
    0.08749999850988388,
    0.125,
    0.07500000298023224,
    0.05000000074505806,
    0.03750000149011612,
    0.03750000149011612,
    0.07500000298023224,
    0.012500000186264515,
    0.13750000298023224,
    0.05000000074505806,
    0.05000000074505806,
    0.03750000149011612,
    0.08749999850988388,
    0.11249999701976776,
    0.13750000298023224,
    0.0625,
    0.07500000298023224,
    0.0625,
    0.03750000149011612,
    0.03750000149011612,
    0.07500000298023224,
    0.10000000149011612,
    0.03750000149011612,
    0.08749999850988388,
    0.08749999850988388,
    0.05000000074505806,
    0.07500000298023224,
    0.13750000298023224,
    0.0625,
    0.012500000186264515,
    0.05000000074505806,
    0.08749999850988388,
    0.07500000298023224,
    0.05000000074505806,
    0.0625,
    0.08749999850988388,
    0.10000000149011612,
    0.03750000149011612,
    0.0625,
    0.10000000149011612,
    0.13750000298023224,
    0.0625,
    0.05000000074505806,
    0.03750000149011612,
    0.03750000149011612,
    0.07500000298023224,
    0.05000000074505806,
    0.05000000074505806,
    0.10000000149011612,
    0.05000000074505806,
    0.05000000074505806,
    0.15000000596046448,
    0.125,
    0.05000000074505806,
    0.08749999850988388,
    0.0625,
    0.08749999850988388,
    0.15000000596046448,
    0.08749999850988388,
    0.07500000298023224,
    0.125,
    0.07500000298023224,
    0.03750000149011612,
    0.11249999701976776,
    0.07500000298023224,
    0.08749999850988388,
    0.08749999850988388,
    0.05000000074505806,
    0.012500000186264515,
    0.08749999850988388,
    0.0625,
    0.08749999850988388,
    0.07500000298023224,
    0.02500000037252903,
    0.07500000298023224,
    0.10000000149011612,
    0.08749999850988388,
    0.07500000298023224,
    0.0625,
    0.07500000298023224,
    0.125
  ]
}