{
  "variant": "always_attention",
  "seed": 0,
  "device": "cuda",
  "dtype": "float32",
  "block_size": 128,
  "batch_size": 2,
  "max_train_steps": 200,
  "parameter_count": 13220772,
  "train_loss": 8.126356711387634,
  "train_ppl": 3382.453833731708,
  "train_tokens_per_second": 1525.3501761876328,
  "train_step_time_ms": 167.83031463623047,
  "val_loss": 8.012765455245972,
  "val_ppl": 3019.2551933876716,
  "eval_tokens_per_second": 21971.614688097892,
  "eval_step_time_ms": 11.651396751403809,
  "num_layers_with_stats": 2.0,
  "mean_attention_trigger_rate": 1.0,
  "mean_active_fraction": 1.0,
  "mean_halted_fraction": 0.0,
  "mean_halt_step": 2.0,
  "mean_executed_steps": 2.0,
  "mean_halt_step_by_position": [
    2.0,
    2.0,
    2.0,
    2.0,
    2.0,
    2.0,
    2.0,
    2.0,
    2.0,
    2.0,
    2.0,
    2.0,
    2.0,
    2.0,
    2.0,
    2.0,
    2.0,
    2.0,
    2.0,
    2.0,
    2.0,
    2.0,
    2.0,
    2.0,
    2.0,
    2.0,
    2.0,
    2.0,
    2.0,
    2.0,
    2.0,
    2.0,
    2.0,
    2.0,
    2.0,
    2.0,
    2.0,
    2.0,
    2.0,
    2.0,
    2.0,
    2.0,
    2.0,
    2.0,
    2.0,
    2.0,
    2.0,
    2.0,
    2.0,
    2.0,
    2.0,
    2.0,
    2.0,
    2.0,
    2.0,
    2.0,
    2.0,
    2.0,
    2.0,
    2.0,
    2.0,
    2.0,
    2.0,
    2.0,
    2.0,
    2.0,
    2.0,
    2.0,
    2.0,
    2.0,
    2.0,
    2.0,
    2.0,
    2.0,
    2.0,
    2.0,
    2.0,
    2.0,
    2.0,
    2.0,
    2.0,
    2.0,
    2.0,
    2.0,
    2.0,
    2.0,
    2.0,
    2.0,
    2.0,
    2.0,
    2.0,
    2.0,
    2.0,
    2.0,
    2.0,
    2.0,
    2.0,
    2.0,
    2.0,
    2.0,
    2.0,
    2.0,
    2.0,
    2.0,
    2.0,
    2.0,
    2.0,
    2.0,
    2.0,
    2.0,
    2.0,
    2.0,
    2.0,
    2.0,
    2.0,
    2.0,
    2.0,
    2.0,
    2.0,
    2.0,
    2.0,
    2.0,
    2.0,
    2.0,
    2.0,
    2.0,
    2.0,
    2.0
  ],
  "halted_fraction_by_position": [
    0.0,
    0.0,
    0.0,
    0.0,
    0.0,
    0.0,
    0.0,
    0.0,
    0.0,
    0.0,
    0.0,
    0.0,
    0.0,
    0.0,
    0.0,
    0.0,
    0.0,
    0.0,
    0.0,
    0.0,
    0.0,
    0.0,
    0.0,
    0.0,
    0.0,
    0.0,
    0.0,
    0.0,
    0.0,
    0.0,
    0.0,
    0.0,
    0.0,
    0.0,
    0.0,
    0.0,
    0.0,
    0.0,
    0.0,
    0.0,
    0.0,
    0.0,
    0.0,
    0.0,
    0.0,
    0.0,
    0.0,
    0.0,
    0.0,
    0.0,
    0.0,
    0.0,
    0.0,
    0.0,
    0.0,
    0.0,
    0.0,
    0.0,
    0.0,
    0.0,
    0.0,
    0.0,
    0.0,
    0.0,
    0.0,
    0.0,
    0.0,
    0.0,
    0.0,
    0.0,
    0.0,
    0.0,
    0.0,
    0.0,
    0.0,
    0.0,
    0.0,
    0.0,
    0.0,
    0.0,
    0.0,
    0.0,
    0.0,
    0.0,
    0.0,
    0.0,
    0.0,
    0.0,
    0.0,
    0.0,
    0.0,
    0.0,
    0.0,
    0.0,
    0.0,
    0.0,
    0.0,
    0.0,
    0.0,
    0.0,
    0.0,
    0.0,
    0.0,
    0.0,
    0.0,
    0.0,
    0.0,
    0.0,
    0.0,
    0.0,
    0.0,
    0.0,
    0.0,
    0.0,
    0.0,
    0.0,
    0.0,
    0.0,
    0.0,
    0.0,
    0.0,
    0.0,
    0.0,
    0.0,
    0.0,
    0.0,
    0.0,
    0.0
  ]
}