{
  "variant": "full",
  "seed": 2,
  "device": "cuda",
  "dtype": "float32",
  "block_size": 128,
  "batch_size": 2,
  "max_train_steps": 200,
  "parameter_count": 13220772,
  "train_loss": 8.20645229101181,
  "train_ppl": 3664.5187316742968,
  "train_tokens_per_second": 1596.1738748222679,
  "train_step_time_ms": 160.38352966308594,
  "val_loss": 8.009568738937379,
  "val_ppl": 3009.6189015229425,
  "eval_tokens_per_second": 31861.586103346566,
  "eval_step_time_ms": 8.034753799438477,
  "num_layers_with_stats": 2.0,
  "mean_attention_trigger_rate": 0.0,
  "mean_active_fraction": 0.896875,
  "mean_halted_fraction": 0.103125,
  "mean_halt_step": 1.9650390625,
  "mean_executed_steps": 2.0,
  "mean_halt_step_by_position": [
    1.9500000476837158,
    2.0,
    1.9500000476837158,
    2.0,
    1.975000023841858,
    1.9500000476837158,
    1.975000023841858,
    2.0,
    1.975000023841858,
    1.975000023841858,
    2.0,
    1.9500000476837158,
    1.9500000476837158,
    2.0,
    1.9249999523162842,
    1.975000023841858,
    1.9500000476837158,
    1.9500000476837158,
    1.9249999523162842,
    2.0,
    1.975000023841858,
    1.975000023841858,
    1.9249999523162842,
    1.9500000476837158,
    1.9500000476837158,
    1.975000023841858,
    1.975000023841858,
    1.975000023841858,
    1.9249999523162842,
    1.975000023841858,
    1.9500000476837158,
    1.975000023841858,
    1.975000023841858,
    1.975000023841858,
    2.0,
    2.0,
    1.9249999523162842,
    2.0,
    1.975000023841858,
    1.975000023841858,
    1.9500000476837158,
    1.975000023841858,
    1.9500000476837158,
    2.0,
    1.9500000476837158,
    1.899999976158142,
    2.0,
    1.9500000476837158,
    1.9500000476837158,
    1.975000023841858,
    1.975000023841858,
    1.9249999523162842,
    1.975000023841858,
    1.975000023841858,
    2.0,
    1.9500000476837158,
    1.9500000476837158,
    1.975000023841858,
    2.0,
    1.9249999523162842,
    1.975000023841858,
    1.9500000476837158,
    1.975000023841858,
    1.975000023841858,
    2.0,
    2.0,
    1.975000023841858,
    1.9500000476837158,
    1.9500000476837158,
    1.9249999523162842,
    2.0,
    1.975000023841858,
    1.975000023841858,
    1.975000023841858,
    1.9500000476837158,
    1.9500000476837158,
    1.9500000476837158,
    1.975000023841858,
    1.975000023841858,
    1.9249999523162842,
    1.975000023841858,
    1.9500000476837158,
    2.0,
    1.9500000476837158,
    1.975000023841858,
    1.975000023841858,
    1.9249999523162842,
    1.9249999523162842,
    1.9249999523162842,
    1.975000023841858,
    2.0,
    2.0,
    1.975000023841858,
    1.9500000476837158,
    1.975000023841858,
    1.9500000476837158,
    1.9500000476837158,
    2.0,
    1.9249999523162842,
    1.9500000476837158,
    2.0,
    1.975000023841858,
    1.875,
    1.9500000476837158,
    1.9249999523162842,
    1.9500000476837158,
    1.975000023841858,
    1.9249999523162842,
    1.975000023841858,
    1.975000023841858,
    1.975000023841858,
    1.975000023841858,
    1.975000023841858,
    2.0,
    1.975000023841858,
    2.0,
    1.975000023841858,
    1.975000023841858,
    1.9500000476837158,
    1.975000023841858,
    2.0,
    1.975000023841858,
    1.899999976158142,
    1.9500000476837158,
    2.0,
    1.899999976158142,
    2.0,
    1.9500000476837158
  ],
  "halted_fraction_by_position": [
    0.05000000074505806,
    0.0,
    0.05000000074505806,
    0.0,
    0.02500000037252903,
    0.05000000074505806,
    0.05000000074505806,
    0.02500000037252903,
    0.02500000037252903,
    0.03750000149011612,
    0.05000000074505806,
    0.10000000149011612,
    0.05000000074505806,
    0.02500000037252903,
    0.125,
    0.0625,
    0.07500000298023224,
    0.07500000298023224,
    0.125,
    0.02500000037252903,
    0.0625,
    0.07500000298023224,
    0.125,
    0.08749999850988388,
    0.07500000298023224,
    0.10000000149011612,
    0.10000000149011612,
    0.07500000298023224,
    0.15000000596046448,
    0.05000000074505806,
    0.08749999850988388,
    0.07500000298023224,
    0.08749999850988388,
    0.07500000298023224,
    0.0625,
    0.08749999850988388,
    0.15000000596046448,
    0.05000000074505806,
    0.08749999850988388,
    0.11249999701976776,
    0.13750000298023224,
    0.0625,
    0.08749999850988388,
    0.05000000074505806,
    0.125,
    0.1875,
    0.08749999850988388,
    0.0625,
    0.11249999701976776,
    0.10000000149011612,
    0.08749999850988388,
    0.1875,
    0.07500000298023224,
    0.125,
    0.05000000074505806,
    0.13750000298023224,
    0.11249999701976776,
    0.10000000149011612,
    0.08749999850988388,
    0.11249999701976776,
    0.125,
    0.13750000298023224,
    0.07500000298023224,
    0.125,
    0.10000000149011612,
    0.05000000074505806,
    0.08749999850988388,
    0.10000000149011612,
    0.15000000596046448,
    0.16249999403953552,
    0.11249999701976776,
    0.08749999850988388,
    0.10000000149011612,
    0.11249999701976776,
    0.125,
    0.16249999403953552,
    0.08749999850988388,
    0.07500000298023224,
    0.125,
    0.15000000596046448,
    0.11249999701976776,
    0.13750000298023224,
    0.10000000149011612,
    0.11249999701976776,
    0.125,
    0.08749999850988388,
    0.10000000149011612,
    0.15000000596046448,
    0.16249999403953552,
    0.15000000596046448,
    0.0625,
    0.08749999850988388,
    0.125,
    0.13750000298023224,
    0.15000000596046448,
    0.13750000298023224,
    0.125,
    0.10000000149011612,
    0.21250000596046448,
    0.1875,
    0.0625,
    0.08749999850988388,
    0.21250000596046448,
    0.16249999403953552,
    0.16249999403953552,
    0.15000000596046448,
    0.10000000149011612,
    0.16249999403953552,
    0.15000000596046448,
    0.11249999701976776,
    0.08749999850988388,
    0.15000000596046448,
    0.11249999701976776,
    0.11249999701976776,
    0.15000000596046448,
    0.0625,
    0.125,
    0.13750000298023224,
    0.125,
    0.16249999403953552,
    0.0625,
    0.08749999850988388,
    0.17499999701976776,
    0.13750000298023224,
    0.10000000149011612,
    0.15000000596046448,
    0.07500000298023224,
    0.125
  ]
}