{
  "variant": "halting_only",
  "seed": 2,
  "device": "cuda",
  "dtype": "float32",
  "block_size": 128,
  "batch_size": 2,
  "max_train_steps": 200,
  "parameter_count": 13088676,
  "train_loss": 8.273302230834961,
  "train_ppl": 3917.8653497846212,
  "train_tokens_per_second": 1610.6552854860042,
  "train_step_time_ms": 158.9415204524994,
  "val_loss": 8.058416557312011,
  "val_ppl": 3160.2820448962975,
  "eval_tokens_per_second": 32576.327759034975,
  "eval_step_time_ms": 7.858467102050782,
  "num_layers_with_stats": 2.0,
  "mean_attention_trigger_rate": 0.0,
  "mean_active_fraction": 0.58740234375,
  "mean_halted_fraction": 0.41259765625,
  "mean_halt_step": 1.7748046875,
  "mean_executed_steps": 2.0,
  "mean_halt_step_by_position": [
    1.899999976158142,
    1.850000023841858,
    1.9500000476837158,
    1.875,
    1.9500000476837158,
    1.875,
    1.899999976158142,
    1.9249999523162842,
    1.850000023841858,
    1.850000023841858,
    1.9249999523162842,
    1.875,
    1.850000023841858,
    1.774999976158142,
    1.875,
    1.850000023841858,
    1.875,
    1.7999999523162842,
    1.774999976158142,
    1.899999976158142,
    1.7999999523162842,
    1.875,
    1.75,
    1.7999999523162842,
    1.774999976158142,
    1.774999976158142,
    1.774999976158142,
    1.725000023841858,
    1.774999976158142,
    1.725000023841858,
    1.75,
    1.8250000476837158,
    1.850000023841858,
    1.8250000476837158,
    1.8250000476837158,
    1.850000023841858,
    1.7999999523162842,
    1.7999999523162842,
    1.6749999523162842,
    1.8250000476837158,
    1.899999976158142,
    1.8250000476837158,
    1.75,
    1.774999976158142,
    1.7000000476837158,
    1.850000023841858,
    1.774999976158142,
    1.649999976158142,
    1.774999976158142,
    1.75,
    1.774999976158142,
    1.774999976158142,
    1.774999976158142,
    1.7999999523162842,
    1.75,
    1.725000023841858,
    1.625,
    1.774999976158142,
    1.75,
    1.7000000476837158,
    1.850000023841858,
    1.6749999523162842,
    1.774999976158142,
    1.774999976158142,
    1.850000023841858,
    1.850000023841858,
    1.7000000476837158,
    1.7000000476837158,
    1.774999976158142,
    1.8250000476837158,
    1.850000023841858,
    1.75,
    1.7000000476837158,
    1.75,
    1.7999999523162842,
    1.75,
    1.7000000476837158,
    1.6749999523162842,
    1.774999976158142,
    1.6749999523162842,
    1.774999976158142,
    1.774999976158142,
    1.649999976158142,
    1.75,
    1.75,
    1.8250000476837158,
    1.725000023841858,
    1.7000000476837158,
    1.774999976158142,
    1.850000023841858,
    1.75,
    1.7000000476837158,
    1.725000023841858,
    1.649999976158142,
    1.75,
    1.8250000476837158,
    1.75,
    1.7999999523162842,
    1.6749999523162842,
    1.875,
    1.7999999523162842,
    1.725000023841858,
    1.774999976158142,
    1.725000023841858,
    1.774999976158142,
    1.649999976158142,
    1.774999976158142,
    1.7000000476837158,
    1.75,
    1.7999999523162842,
    1.725000023841858,
    1.725000023841858,
    1.7999999523162842,
    1.75,
    1.75,
    1.625,
    1.75,
    1.725000023841858,
    1.7000000476837158,
    1.7000000476837158,
    1.6749999523162842,
    1.625,
    1.725000023841858,
    1.649999976158142,
    1.75,
    1.75,
    1.875,
    1.7000000476837158
  ],
  "halted_fraction_by_position": [
    0.17499999701976776,
    0.26249998807907104,
    0.1875,
    0.3125,
    0.25,
    0.30000001192092896,
    0.3125,
    0.2874999940395355,
    0.36250001192092896,
    0.36250001192092896,
    0.3125,
    0.32499998807907104,
    0.36250001192092896,
    0.4375,
    0.3499999940395355,
    0.36250001192092896,
    0.3375000059604645,
    0.4000000059604645,
    0.4124999940395355,
    0.3375000059604645,
    0.4124999940395355,
    0.3499999940395355,
    0.42500001192092896,
    0.375,
    0.4375,
    0.38749998807907104,
    0.375,
    0.44999998807907104,
    0.38749998807907104,
    0.5,
    0.44999998807907104,
    0.4000000059604645,
    0.3499999940395355,
    0.42500001192092896,
    0.375,
    0.3499999940395355,
    0.38749998807907104,
    0.4124999940395355,
    0.512499988079071,
    0.375,
    0.36250001192092896,
    0.3499999940395355,
    0.4375,
    0.44999998807907104,
    0.42500001192092896,
    0.375,
    0.4375,
    0.4625000059604645,
    0.375,
    0.4000000059604645,
    0.4000000059604645,
    0.4000000059604645,
    0.4749999940395355,
    0.42500001192092896,
    0.38749998807907104,
    0.4749999940395355,
    0.5249999761581421,
    0.44999998807907104,
    0.4625000059604645,
    0.4749999940395355,
    0.4375,
    0.4625000059604645,
    0.4124999940395355,
    0.4000000059604645,
    0.36250001192092896,
    0.36250001192092896,
    0.4749999940395355,
    0.5,
    0.4000000059604645,
    0.36250001192092896,
    0.375,
    0.4375,
    0.4625000059604645,
    0.42500001192092896,
    0.38749998807907104,
    0.44999998807907104,
    0.4749999940395355,
    0.4625000059604645,
    0.4000000059604645,
    0.4625000059604645,
    0.375,
    0.4000000059604645,
    0.44999998807907104,
    0.42500001192092896,
    0.4749999940395355,
    0.3375000059604645,
    0.5,
    0.48750001192092896,
    0.4625000059604645,
    0.38749998807907104,
    0.42500001192092896,
    0.4749999940395355,
    0.4625000059604645,
    0.512499988079071,
    0.4000000059604645,
    0.4000000059604645,
    0.4124999940395355,
    0.42500001192092896,
    0.5,
    0.3499999940395355,
    0.42500001192092896,
    0.4375,
    0.42500001192092896,
    0.48750001192092896,
    0.4124999940395355,
    0.48750001192092896,
    0.42500001192092896,
    0.42500001192092896,
    0.42500001192092896,
    0.4124999940395355,
    0.42500001192092896,
    0.4375,
    0.4124999940395355,
    0.42500001192092896,
    0.4625000059604645,
    0.4749999940395355,
    0.44999998807907104,
    0.4625000059604645,
    0.5,
    0.42500001192092896,
    0.4625000059604645,
    0.5249999761581421,
    0.5,
    0.4625000059604645,
    0.42500001192092896,
    0.42500001192092896,
    0.38749998807907104,
    0.4749999940395355
  ]
}