{
  "variant": "halting_only",
  "seed": 1,
  "device": "cuda",
  "dtype": "float32",
  "block_size": 128,
  "batch_size": 2,
  "max_train_steps": 200,
  "parameter_count": 13088676,
  "train_loss": 8.287876086235046,
  "train_ppl": 3975.381853447756,
  "train_tokens_per_second": 1566.5952400791382,
  "train_step_time_ms": 163.411705493927,
  "val_loss": 8.012484931945801,
  "val_ppl": 3018.4083407432663,
  "eval_tokens_per_second": 30293.77993076461,
  "eval_step_time_ms": 8.450579643249512,
  "num_layers_with_stats": 2.0,
  "mean_attention_trigger_rate": 0.0,
  "mean_active_fraction": 0.94755859375,
  "mean_halted_fraction": 0.05244140625,
  "mean_halt_step": 1.9697265625,
  "mean_executed_steps": 2.0,
  "mean_halt_step_by_position": [
    1.9249999523162842,
    1.899999976158142,
    2.0,
    1.9500000476837158,
    1.9249999523162842,
    1.9249999523162842,
    1.9500000476837158,
    1.975000023841858,
    2.0,
    2.0,
    1.9500000476837158,
    1.9249999523162842,
    1.975000023841858,
    1.975000023841858,
    1.9500000476837158,
    1.975000023841858,
    2.0,
    2.0,
    1.975000023841858,
    1.9249999523162842,
    1.9249999523162842,
    1.975000023841858,
    1.9500000476837158,
    1.975000023841858,
    1.9500000476837158,
    1.975000023841858,
    2.0,
    2.0,
    2.0,
    1.9249999523162842,
    1.9249999523162842,
    1.9500000476837158,
    2.0,
    1.9500000476837158,
    2.0,
    2.0,
    2.0,
    1.975000023841858,
    1.9500000476837158,
    1.9249999523162842,
    2.0,
    1.975000023841858,
    2.0,
    2.0,
    2.0,
    1.975000023841858,
    1.975000023841858,
    1.975000023841858,
    1.9500000476837158,
    1.975000023841858,
    1.975000023841858,
    2.0,
    1.9500000476837158,
    2.0,
    1.9500000476837158,
    2.0,
    2.0,
    1.9500000476837158,
    2.0,
    2.0,
    1.899999976158142,
    1.975000023841858,
    1.975000023841858,
    2.0,
    1.975000023841858,
    1.9500000476837158,
    1.975000023841858,
    1.975000023841858,
    2.0,
    2.0,
    1.9500000476837158,
    1.9500000476837158,
    2.0,
    1.9500000476837158,
    1.9500000476837158,
    1.975000023841858,
    1.975000023841858,
    2.0,
    2.0,
    1.975000023841858,
    1.899999976158142,
    1.975000023841858,
    1.9500000476837158,
    2.0,
    1.9500000476837158,
    1.9500000476837158,
    2.0,
    1.899999976158142,
    2.0,
    1.9500000476837158,
    2.0,
    2.0,
    1.9500000476837158,
    1.9249999523162842,
    2.0,
    1.975000023841858,
    2.0,
    1.975000023841858,
    1.975000023841858,
    1.975000023841858,
    1.9249999523162842,
    2.0,
    1.975000023841858,
    1.975000023841858,
    1.899999976158142,
    1.9249999523162842,
    1.9249999523162842,
    1.9500000476837158,
    2.0,
    1.9249999523162842,
    2.0,
    1.975000023841858,
    1.975000023841858,
    2.0,
    2.0,
    2.0,
    2.0,
    1.975000023841858,
    2.0,
    2.0,
    1.975000023841858,
    1.9500000476837158,
    2.0,
    1.9249999523162842,
    2.0,
    1.9249999523162842,
    1.9249999523162842,
    2.0
  ],
  "halted_fraction_by_position": [
    0.07500000298023224,
    0.10000000149011612,
    0.0,
    0.05000000074505806,
    0.07500000298023224,
    0.07500000298023224,
    0.05000000074505806,
    0.02500000037252903,
    0.0,
    0.0,
    0.05000000074505806,
    0.08749999850988388,
    0.02500000037252903,
    0.03750000149011612,
    0.05000000074505806,
    0.03750000149011612,
    0.0,
    0.0,
    0.02500000037252903,
    0.08749999850988388,
    0.10000000149011612,
    0.02500000037252903,
    0.0625,
    0.02500000037252903,
    0.05000000074505806,
    0.02500000037252903,
    0.02500000037252903,
    0.02500000037252903,
    0.012500000186264515,
    0.07500000298023224,
    0.10000000149011612,
    0.08749999850988388,
    0.03750000149011612,
    0.10000000149011612,
    0.012500000186264515,
    0.02500000037252903,
    0.02500000037252903,
    0.0625,
    0.07500000298023224,
    0.08749999850988388,
    0.012500000186264515,
    0.02500000037252903,
    0.02500000037252903,
    0.0,
    0.03750000149011612,
    0.0625,
    0.03750000149011612,
    0.05000000074505806,
    0.05000000074505806,
    0.05000000074505806,
    0.03750000149011612,
    0.012500000186264515,
    0.08749999850988388,
    0.012500000186264515,
    0.05000000074505806,
    0.03750000149011612,
    0.0,
    0.0625,
    0.012500000186264515,
    0.02500000037252903,
    0.11249999701976776,
    0.08749999850988388,
    0.02500000037252903,
    0.012500000186264515,
    0.03750000149011612,
    0.0625,
    0.03750000149011612,
    0.03750000149011612,
    0.0,
    0.02500000037252903,
    0.08749999850988388,
    0.11249999701976776,
    0.0,
    0.11249999701976776,
    0.05000000074505806,
    0.05000000074505806,
    0.03750000149011612,
    0.02500000037252903,
    0.03750000149011612,
    0.03750000149011612,
    0.1875,
    0.05000000074505806,
    0.05000000074505806,
    0.0,
    0.07500000298023224,
    0.08749999850988388,
    0.02500000037252903,
    0.13750000298023224,
    0.08749999850988388,
    0.0625,
    0.02500000037252903,
    0.0,
    0.10000000149011612,
    0.16249999403953552,
    0.0,
    0.03750000149011612,
    0.012500000186264515,
    0.03750000149011612,
    0.10000000149011612,
    0.10000000149011612,
    0.07500000298023224,
    0.02500000037252903,
    0.02500000037252903,
    0.07500000298023224,
    0.11249999701976776,
    0.08749999850988388,
    0.10000000149011612,
    0.0625,
    0.03750000149011612,
    0.10000000149011612,
    0.07500000298023224,
    0.05000000074505806,
    0.02500000037252903,
    0.0625,
    0.012500000186264515,
    0.02500000037252903,
    0.07500000298023224,
    0.08749999850988388,
    0.02500000037252903,
    0.02500000037252903,
    0.10000000149011612,
    0.10000000149011612,
    0.02500000037252903,
    0.15000000596046448,
    0.0625,
    0.10000000149011612,
    0.07500000298023224,
    0.03750000149011612
  ]
}