{
  "variant": "full",
  "seed": 0,
  "device": "cuda",
  "dtype": "float32",
  "block_size": 128,
  "batch_size": 2,
  "max_train_steps": 200,
  "parameter_count": 13220772,
  "train_loss": 8.432972447872162,
  "train_ppl": 4596.141599901815,
  "train_tokens_per_second": 1586.3756134648008,
  "train_step_time_ms": 161.3741397857666,
  "val_loss": 8.03519778251648,
  "val_ppl": 3087.749484958268,
  "eval_tokens_per_second": 30257.925565640824,
  "eval_step_time_ms": 8.460593223571777,
  "num_layers_with_stats": 2.0,
  "mean_attention_trigger_rate": 0.0,
  "mean_active_fraction": 0.410546875,
  "mean_halted_fraction": 0.589453125,
  "mean_halt_step": 1.60703125,
  "mean_executed_steps": 2.0,
  "mean_halt_step_by_position": [
    1.7000000476837158,
    1.75,
    1.625,
    1.625,
    1.5499999523162842,
    1.5,
    1.475000023841858,
    1.5499999523162842,
    1.600000023841858,
    1.600000023841858,
    1.524999976158142,
    1.5,
    1.5499999523162842,
    1.5750000476837158,
    1.625,
    1.524999976158142,
    1.625,
    1.625,
    1.625,
    1.600000023841858,
    1.5499999523162842,
    1.5750000476837158,
    1.5750000476837158,
    1.7000000476837158,
    1.5750000476837158,
    1.625,
    1.5750000476837158,
    1.625,
    1.5,
    1.5499999523162842,
    1.5750000476837158,
    1.524999976158142,
    1.625,
    1.600000023841858,
    1.5499999523162842,
    1.625,
    1.7000000476837158,
    1.649999976158142,
    1.524999976158142,
    1.649999976158142,
    1.524999976158142,
    1.649999976158142,
    1.5750000476837158,
    1.524999976158142,
    1.600000023841858,
    1.5499999523162842,
    1.475000023841858,
    1.5,
    1.5750000476837158,
    1.5499999523162842,
    1.524999976158142,
    1.649999976158142,
    1.5750000476837158,
    1.649999976158142,
    1.600000023841858,
    1.5,
    1.5499999523162842,
    1.6749999523162842,
    1.6749999523162842,
    1.649999976158142,
    1.5499999523162842,
    1.475000023841858,
    1.649999976158142,
    1.5499999523162842,
    1.600000023841858,
    1.524999976158142,
    1.600000023841858,
    1.600000023841858,
    1.625,
    1.625,
    1.725000023841858,
    1.600000023841858,
    1.600000023841858,
    1.6749999523162842,
    1.649999976158142,
    1.625,
    1.600000023841858,
    1.600000023841858,
    1.625,
    1.625,
    1.649999976158142,
    1.524999976158142,
    1.5499999523162842,
    1.5750000476837158,
    1.649999976158142,
    1.600000023841858,
    1.625,
    1.6749999523162842,
    1.5750000476837158,
    1.524999976158142,
    1.649999976158142,
    1.725000023841858,
    1.5750000476837158,
    1.625,
    1.625,
    1.649999976158142,
    1.6749999523162842,
    1.625,
    1.600000023841858,
    1.625,
    1.5750000476837158,
    1.600000023841858,
    1.625,
    1.625,
    1.6749999523162842,
    1.625,
    1.625,
    1.649999976158142,
    1.625,
    1.649999976158142,
    1.600000023841858,
    1.6749999523162842,
    1.6749999523162842,
    1.625,
    1.7000000476837158,
    1.725000023841858,
    1.625,
    1.649999976158142,
    1.6749999523162842,
    1.625,
    1.6749999523162842,
    1.6749999523162842,
    1.7000000476837158,
    1.6749999523162842,
    1.625,
    1.7000000476837158,
    1.600000023841858,
    1.5499999523162842
  ],
  "halted_fraction_by_position": [
    0.30000001192092896,
    0.25,
    0.4124999940395355,
    0.4749999940395355,
    0.5,
    0.574999988079071,
    0.612500011920929,
    0.5375000238418579,
    0.512499988079071,
    0.574999988079071,
    0.5874999761581421,
    0.612500011920929,
    0.5874999761581421,
    0.5625,
    0.637499988079071,
    0.612500011920929,
    0.512499988079071,
    0.5874999761581421,
    0.574999988079071,
    0.5874999761581421,
    0.612500011920929,
    0.625,
    0.5874999761581421,
    0.5375000238418579,
    0.574999988079071,
    0.5874999761581421,
    0.625,
    0.5874999761581421,
    0.625,
    0.612500011920929,
    0.5625,
    0.675000011920929,
    0.5375000238418579,
    0.550000011920929,
    0.574999988079071,
    0.5874999761581421,
    0.512499988079071,
    0.574999988079071,
    0.612500011920929,
    0.6000000238418579,
    0.6625000238418579,
    0.5625,
    0.625,
    0.6000000238418579,
    0.5874999761581421,
    0.625,
    0.625,
    0.699999988079071,
    0.637499988079071,
    0.6499999761581421,
    0.637499988079071,
    0.5874999761581421,
    0.6000000238418579,
    0.612500011920929,
    0.5625,
    0.6875,
    0.625,
    0.550000011920929,
    0.574999988079071,
    0.574999988079071,
    0.5874999761581421,
    0.637499988079071,
    0.612500011920929,
    0.6000000238418579,
    0.625,
    0.625,
    0.637499988079071,
    0.612500011920929,
    0.5874999761581421,
    0.612500011920929,
    0.550000011920929,
    0.625,
    0.6625000238418579,
    0.5625,
    0.5249999761581421,
    0.6000000238418579,
    0.612500011920929,
    0.625,
    0.612500011920929,
    0.612500011920929,
    0.6000000238418579,
    0.612500011920929,
    0.5874999761581421,
    0.625,
    0.6000000238418579,
    0.5874999761581421,
    0.5874999761581421,
    0.574999988079071,
    0.625,
    0.625,
    0.612500011920929,
    0.574999988079071,
    0.550000011920929,
    0.574999988079071,
    0.574999988079071,
    0.6000000238418579,
    0.5625,
    0.625,
    0.625,
    0.5874999761581421,
    0.625,
    0.6000000238418579,
    0.6000000238418579,
    0.612500011920929,
    0.6000000238418579,
    0.637499988079071,
    0.612500011920929,
    0.612500011920929,
    0.612500011920929,
    0.5625,
    0.6499999761581421,
    0.5874999761581421,
    0.574999988079071,
    0.6000000238418579,
    0.550000011920929,
    0.574999988079071,
    0.612500011920929,
    0.574999988079071,
    0.5874999761581421,
    0.550000011920929,
    0.625,
    0.6000000238418579,
    0.5375000238418579,
    0.5874999761581421,
    0.612500011920929,
    0.5625,
    0.625,
    0.6625000238418579
  ]
}