{
  "variant": "halting_only",
  "seed": 0,
  "device": "cuda",
  "dtype": "float32",
  "block_size": 128,
  "batch_size": 2,
  "max_train_steps": 200,
  "parameter_count": 13088676,
  "train_loss": 8.312361242771148,
  "train_ppl": 4073.921152503444,
  "train_tokens_per_second": 1594.5295732542302,
  "train_step_time_ms": 160.5489194393158,
  "val_loss": 8.088263845443725,
  "val_ppl": 3256.029689389493,
  "eval_tokens_per_second": 30259.204617188203,
  "eval_step_time_ms": 8.460235595703125,
  "num_layers_with_stats": 2.0,
  "mean_attention_trigger_rate": 0.0,
  "mean_active_fraction": 0.9716796875,
  "mean_halted_fraction": 0.0283203125,
  "mean_halt_step": 1.975390625,
  "mean_executed_steps": 2.0,
  "mean_halt_step_by_position": [
    1.9500000476837158,
    1.9249999523162842,
    1.975000023841858,
    1.9500000476837158,
    2.0,
    1.9500000476837158,
    1.9500000476837158,
    1.9500000476837158,
    1.975000023841858,
    1.975000023841858,
    1.9500000476837158,
    1.975000023841858,
    2.0,
    2.0,
    2.0,
    1.975000023841858,
    2.0,
    2.0,
    1.9500000476837158,
    2.0,
    1.9500000476837158,
    2.0,
    1.975000023841858,
    2.0,
    1.975000023841858,
    1.9500000476837158,
    2.0,
    2.0,
    1.975000023841858,
    1.9249999523162842,
    1.975000023841858,
    2.0,
    1.975000023841858,
    2.0,
    1.9249999523162842,
    2.0,
    1.9500000476837158,
    1.9500000476837158,
    1.975000023841858,
    1.9500000476837158,
    1.975000023841858,
    1.975000023841858,
    1.975000023841858,
    1.975000023841858,
    1.9500000476837158,
    1.9249999523162842,
    1.9500000476837158,
    2.0,
    2.0,
    2.0,
    1.975000023841858,
    1.899999976158142,
    1.975000023841858,
    1.9500000476837158,
    1.9500000476837158,
    2.0,
    2.0,
    2.0,
    1.975000023841858,
    2.0,
    1.975000023841858,
    1.975000023841858,
    1.975000023841858,
    2.0,
    2.0,
    2.0,
    1.975000023841858,
    1.9500000476837158,
    1.9500000476837158,
    1.975000023841858,
    1.9500000476837158,
    2.0,
    2.0,
    1.9500000476837158,
    2.0,
    2.0,
    1.9500000476837158,
    2.0,
    1.975000023841858,
    1.975000023841858,
    1.9500000476837158,
    2.0,
    1.975000023841858,
    1.9500000476837158,
    2.0,
    1.975000023841858,
    1.9249999523162842,
    1.975000023841858,
    1.975000023841858,
    1.9500000476837158,
    1.9500000476837158,
    1.975000023841858,
    1.975000023841858,
    2.0,
    2.0,
    1.9500000476837158,
    2.0,
    1.975000023841858,
    2.0,
    1.975000023841858,
    2.0,
    1.9249999523162842,
    2.0,
    1.975000023841858,
    2.0,
    1.975000023841858,
    2.0,
    1.9500000476837158,
    2.0,
    1.9500000476837158,
    1.975000023841858,
    2.0,
    2.0,
    2.0,
    2.0,
    1.899999976158142,
    1.975000023841858,
    2.0,
    1.975000023841858,
    1.975000023841858,
    1.975000023841858,
    2.0,
    1.9500000476837158,
    2.0,
    1.975000023841858,
    2.0,
    1.975000023841858,
    2.0
  ],
  "halted_fraction_by_position": [
    0.05000000074505806,
    0.07500000298023224,
    0.02500000037252903,
    0.05000000074505806,
    0.0,
    0.05000000074505806,
    0.05000000074505806,
    0.05000000074505806,
    0.02500000037252903,
    0.02500000037252903,
    0.05000000074505806,
    0.02500000037252903,
    0.0,
    0.0,
    0.0,
    0.02500000037252903,
    0.0,
    0.0,
    0.05000000074505806,
    0.0,
    0.0625,
    0.0,
    0.05000000074505806,
    0.0,
    0.02500000037252903,
    0.05000000074505806,
    0.012500000186264515,
    0.0,
    0.02500000037252903,
    0.07500000298023224,
    0.02500000037252903,
    0.0,
    0.02500000037252903,
    0.012500000186264515,
    0.08749999850988388,
    0.0,
    0.05000000074505806,
    0.05000000074505806,
    0.02500000037252903,
    0.05000000074505806,
    0.03750000149011612,
    0.02500000037252903,
    0.03750000149011612,
    0.02500000037252903,
    0.05000000074505806,
    0.07500000298023224,
    0.05000000074505806,
    0.0,
    0.0,
    0.012500000186264515,
    0.02500000037252903,
    0.10000000149011612,
    0.02500000037252903,
    0.05000000074505806,
    0.05000000074505806,
    0.0,
    0.02500000037252903,
    0.02500000037252903,
    0.02500000037252903,
    0.0,
    0.02500000037252903,
    0.02500000037252903,
    0.02500000037252903,
    0.0,
    0.0,
    0.0,
    0.03750000149011612,
    0.05000000074505806,
    0.05000000074505806,
    0.02500000037252903,
    0.05000000074505806,
    0.0,
    0.0,
    0.05000000074505806,
    0.0,
    0.012500000186264515,
    0.0625,
    0.012500000186264515,
    0.03750000149011612,
    0.02500000037252903,
    0.05000000074505806,
    0.0,
    0.02500000037252903,
    0.05000000074505806,
    0.0,
    0.02500000037252903,
    0.07500000298023224,
    0.02500000037252903,
    0.03750000149011612,
    0.05000000074505806,
    0.05000000074505806,
    0.02500000037252903,
    0.02500000037252903,
    0.012500000186264515,
    0.0,
    0.0625,
    0.0,
    0.02500000037252903,
    0.03750000149011612,
    0.02500000037252903,
    0.0,
    0.07500000298023224,
    0.0,
    0.02500000037252903,
    0.0,
    0.02500000037252903,
    0.0,
    0.05000000074505806,
    0.02500000037252903,
    0.05000000074505806,
    0.02500000037252903,
    0.0,
    0.0,
    0.02500000037252903,
    0.0,
    0.11249999701976776,
    0.05000000074505806,
    0.0,
    0.02500000037252903,
    0.03750000149011612,
    0.0625,
    0.0,
    0.05000000074505806,
    0.0,
    0.05000000074505806,
    0.0,
    0.02500000037252903,
    0.012500000186264515
  ]
}