{
  "variant": "full",
  "seed": 1,
  "device": "cuda",
  "dtype": "float32",
  "block_size": 128,
  "batch_size": 2,
  "max_train_steps": 200,
  "parameter_count": 13220772,
  "train_loss": 8.260505299568177,
  "train_ppl": 3868.048129804067,
  "train_tokens_per_second": 1516.3180706666794,
  "train_step_time_ms": 168.83001327514648,
  "val_loss": 8.101136493682862,
  "val_ppl": 3298.2143458429755,
  "eval_tokens_per_second": 27295.837629521167,
  "eval_step_time_ms": 9.378719329833984,
  "num_layers_with_stats": 2.0,
  "mean_attention_trigger_rate": 0.85,
  "mean_active_fraction": 0.67333984375,
  "mean_halted_fraction": 0.32666015625,
  "mean_halt_step": 1.895703125,
  "mean_executed_steps": 2.0,
  "mean_halt_step_by_position": [
    1.975000023841858,
    1.9500000476837158,
    1.9500000476837158,
    1.975000023841858,
    1.9249999523162842,
    1.9249999523162842,
    2.0,
    2.0,
    1.975000023841858,
    1.975000023841858,
    1.9249999523162842,
    1.975000023841858,
    1.9500000476837158,
    2.0,
    1.9249999523162842,
    1.899999976158142,
    1.975000023841858,
    2.0,
    1.975000023841858,
    1.9249999523162842,
    1.975000023841858,
    1.975000023841858,
    1.9249999523162842,
    1.9500000476837158,
    1.9500000476837158,
    1.9500000476837158,
    1.9500000476837158,
    2.0,
    1.9249999523162842,
    1.9249999523162842,
    1.975000023841858,
    1.975000023841858,
    1.899999976158142,
    1.9500000476837158,
    1.899999976158142,
    1.8250000476837158,
    1.899999976158142,
    1.899999976158142,
    1.9500000476837158,
    1.875,
    1.899999976158142,
    1.9500000476837158,
    1.850000023841858,
    1.9249999523162842,
    1.850000023841858,
    1.875,
    1.899999976158142,
    1.875,
    1.899999976158142,
    1.9249999523162842,
    1.9249999523162842,
    1.899999976158142,
    1.9249999523162842,
    1.899999976158142,
    1.9500000476837158,
    1.9500000476837158,
    1.899999976158142,
    1.875,
    1.774999976158142,
    1.9500000476837158,
    1.9249999523162842,
    1.8250000476837158,
    1.875,
    1.850000023841858,
    1.899999976158142,
    1.899999976158142,
    1.875,
    1.850000023841858,
    1.850000023841858,
    1.9500000476837158,
    1.975000023841858,
    1.9500000476837158,
    1.850000023841858,
    1.875,
    1.9500000476837158,
    1.975000023841858,
    1.9249999523162842,
    1.899999976158142,
    1.850000023841858,
    1.899999976158142,
    1.7999999523162842,
    1.8250000476837158,
    1.875,
    1.875,
    1.9500000476837158,
    1.850000023841858,
    1.899999976158142,
    1.8250000476837158,
    1.7999999523162842,
    1.899999976158142,
    1.899999976158142,
    1.899999976158142,
    1.8250000476837158,
    1.8250000476837158,
    1.8250000476837158,
    1.7000000476837158,
    1.875,
    1.875,
    1.7999999523162842,
    1.850000023841858,
    1.7999999523162842,
    1.8250000476837158,
    1.899999976158142,
    1.875,
    1.899999976158142,
    1.7999999523162842,
    1.875,
    1.7999999523162842,
    1.850000023841858,
    1.850000023841858,
    1.899999976158142,
    1.774999976158142,
    1.8250000476837158,
    1.850000023841858,
    1.9500000476837158,
    1.875,
    1.725000023841858,
    1.8250000476837158,
    1.774999976158142,
    1.899999976158142,
    1.850000023841858,
    1.875,
    1.875,
    1.850000023841858,
    1.899999976158142,
    1.899999976158142,
    1.8250000476837158,
    1.899999976158142
  ],
  "halted_fraction_by_position": [
    0.2750000059604645,
    0.30000001192092896,
    0.30000001192092896,
    0.2750000059604645,
    0.3125,
    0.3125,
    0.25,
    0.25,
    0.2750000059604645,
    0.2750000059604645,
    0.32499998807907104,
    0.2750000059604645,
    0.2874999940395355,
    0.25,
    0.3125,
    0.3375000059604645,
    0.25,
    0.25,
    0.2750000059604645,
    0.32499998807907104,
    0.26249998807907104,
    0.2750000059604645,
    0.3125,
    0.2750000059604645,
    0.2874999940395355,
    0.2874999940395355,
    0.30000001192092896,
    0.23749999701976776,
    0.3125,
    0.30000001192092896,
    0.26249998807907104,
    0.2874999940395355,
    0.32499998807907104,
    0.30000001192092896,
    0.3125,
    0.36250001192092896,
    0.32499998807907104,
    0.32499998807907104,
    0.2750000059604645,
    0.36250001192092896,
    0.3375000059604645,
    0.2874999940395355,
    0.36250001192092896,
    0.30000001192092896,
    0.3499999940395355,
    0.375,
    0.3125,
    0.32499998807907104,
    0.3375000059604645,
    0.30000001192092896,
    0.3125,
    0.32499998807907104,
    0.30000001192092896,
    0.3125,
    0.2874999940395355,
    0.3125,
    0.30000001192092896,
    0.32499998807907104,
    0.375,
    0.2874999940395355,
    0.32499998807907104,
    0.375,
    0.3125,
    0.375,
    0.30000001192092896,
    0.32499998807907104,
    0.3375000059604645,
    0.3499999940395355,
    0.3375000059604645,
    0.30000001192092896,
    0.2874999940395355,
    0.3125,
    0.3375000059604645,
    0.3375000059604645,
    0.30000001192092896,
    0.2750000059604645,
    0.3375000059604645,
    0.3499999940395355,
    0.36250001192092896,
    0.32499998807907104,
    0.36250001192092896,
    0.38749998807907104,
    0.3125,
    0.3375000059604645,
    0.2874999940395355,
    0.3375000059604645,
    0.3375000059604645,
    0.38749998807907104,
    0.375,
    0.3375000059604645,
    0.3375000059604645,
    0.3375000059604645,
    0.36250001192092896,
    0.375,
    0.36250001192092896,
    0.4375,
    0.3375000059604645,
    0.32499998807907104,
    0.375,
    0.3499999940395355,
    0.38749998807907104,
    0.38749998807907104,
    0.3375000059604645,
    0.32499998807907104,
    0.3375000059604645,
    0.36250001192092896,
    0.3375000059604645,
    0.375,
    0.38749998807907104,
    0.36250001192092896,
    0.32499998807907104,
    0.36250001192092896,
    0.375,
    0.375,
    0.3125,
    0.3499999940395355,
    0.42500001192092896,
    0.375,
    0.375,
    0.3375000059604645,
    0.3499999940395355,
    0.375,
    0.3499999940395355,
    0.375,
    0.36250001192092896,
    0.3375000059604645,
    0.375,
    0.32499998807907104
  ]
}