{
  "variant": "plain",
  "seed": 1,
  "device": "cuda",
  "dtype": "float32",
  "block_size": 128,
  "batch_size": 2,
  "max_train_steps": 200,
  "parameter_count": 13088160,
  "train_loss": 7.040827369689941,
  "train_ppl": 1142.332346910011,
  "train_tokens_per_second": 1547.5978554475953,
  "train_step_time_ms": 165.41764974594116,
  "val_loss": 8.391824510362413,
  "val_ppl": 4410.858013330986,
  "eval_tokens_per_second": 82609.72931092224,
  "eval_step_time_ms": 2.9267470041910806
}