{
  "variant": "full",
  "seed": 1,
  "device": "cuda",
  "dtype": "float32",
  "block_size": 128,
  "batch_size": 2,
  "max_train_steps": 200,
  "parameter_count": 13220772,
  "train_loss": 7.790524983406067,
  "train_ppl": 2417.5864418654605,
  "train_tokens_per_second": 1547.7288234490306,
  "train_step_time_ms": 165.4036521911621,
  "val_loss": 8.583636601765951,
  "val_ppl": 5343.502424886192,
  "eval_tokens_per_second": 24288.082177271917,
  "eval_step_time_ms": 9.954584969414604,
  "num_layers_with_stats": 2.0,
  "mean_attention_trigger_rate": 0.9166666666666666,
  "mean_active_fraction": 0.6804470486111112,
  "mean_halted_fraction": 0.3195529513888889,
  "mean_halt_step": 1.9014756944444444,
  "mean_executed_steps": 2.0,
  "mean_halt_step_by_position": [
    1.9444444179534912,
    1.9444444179534912,
    1.9166666269302368,
    1.9444444179534912,
    1.9444444179534912,
    1.9166666269302368,
    1.9166666269302368,
    1.9722222089767456,
    2.0,
    1.9166666269302368,
    1.9166666269302368,
    1.9444444179534912,
    1.9166666269302368,
    1.9166666269302368,
    1.9444444179534912,
    1.9166666269302368,
    1.9722222089767456,
    1.9444444179534912,
    1.8611111640930176,
    1.9166666269302368,
    2.0,
    1.8888888359069824,
    1.9166666269302368,
    1.9444444179534912,
    1.9166666269302368,
    1.9722222089767456,
    1.9444444179534912,
    1.9722222089767456,
    1.9166666269302368,
    1.9166666269302368,
    2.0,
    1.9722222089767456,
    1.8611111640930176,
    2.0,
    1.9722222089767456,
    1.9166666269302368,
    1.9166666269302368,
    1.9166666269302368,
    1.9722222089767456,
    1.8888888359069824,
    1.8888888359069824,
    1.9166666269302368,
    1.9166666269302368,
    1.9444444179534912,
    1.8888888359069824,
    1.8888888359069824,
    1.8055555820465088,
    1.8611111640930176,
    1.9444444179534912,
    1.8888888359069824,
    1.8888888359069824,
    1.9166666269302368,
    1.9166666269302368,
    1.8611111640930176,
    1.8333333730697632,
    1.8611111640930176,
    1.9444444179534912,
    1.8888888359069824,
    1.9166666269302368,
    1.9166666269302368,
    1.8055555820465088,
    1.9444444179534912,
    1.8888888359069824,
    1.9166666269302368,
    1.9444444179534912,
    1.9166666269302368,
    1.8888888359069824,
    1.8055555820465088,
    1.9166666269302368,
    1.8333333730697632,
    1.8888888359069824,
    1.9722222089767456,
    1.8333333730697632,
    1.8611111640930176,
    1.8611111640930176,
    1.9166666269302368,
    1.9444444179534912,
    1.9722222089767456,
    1.8611111640930176,
    1.8055555820465088,
    1.8888888359069824,
    1.8888888359069824,
    1.9444444179534912,
    1.8055555820465088,
    1.9444444179534912,
    1.9722222089767456,
    1.8888888359069824,
    1.8333333730697632,
    1.8055555820465088,
    1.8888888359069824,
    1.8888888359069824,
    1.8611111640930176,
    1.9166666269302368,
    1.9722222089767456,
    1.9166666269302368,
    1.8333333730697632,
    1.8611111640930176,
    1.8333333730697632,
    1.9444444179534912,
    1.8611111640930176,
    1.8888888359069824,
    1.8055555820465088,
    1.8888888359069824,
    1.9444444179534912,
    1.8888888359069824,
    1.8055555820465088,
    1.9166666269302368,
    1.8333333730697632,
    1.7777777910232544,
    1.9166666269302368,
    2.0,
    1.8611111640930176,
    1.8333333730697632,
    1.8888888359069824,
    1.8611111640930176,
    1.8611111640930176,
    1.8888888359069824,
    1.8611111640930176,
    1.8055555820465088,
    1.8333333730697632,
    1.8611111640930176,
    1.8888888359069824,
    1.8888888359069824,
    1.8888888359069824,
    1.9444444179534912,
    1.8333333730697632,
    1.9722222089767456,
    1.8611111640930176
  ],
  "halted_fraction_by_position": [
    0.1805555522441864,
    0.2361111044883728,
    0.2777777910232544,
    0.2777777910232544,
    0.2916666567325592,
    0.3055555522441864,
    0.3333333432674408,
    0.2638888955116272,
    0.25,
    0.3333333432674408,
    0.3194444477558136,
    0.2916666567325592,
    0.3333333432674408,
    0.3333333432674408,
    0.3055555522441864,
    0.3333333432674408,
    0.2638888955116272,
    0.3055555522441864,
    0.375,
    0.3333333432674408,
    0.25,
    0.3333333432674408,
    0.3194444477558136,
    0.2916666567325592,
    0.3333333432674408,
    0.2777777910232544,
    0.3055555522441864,
    0.2777777910232544,
    0.3194444477558136,
    0.3194444477558136,
    0.25,
    0.2638888955116272,
    0.3333333432674408,
    0.25,
    0.2777777910232544,
    0.3055555522441864,
    0.3055555522441864,
    0.3055555522441864,
    0.2777777910232544,
    0.3194444477558136,
    0.3472222089767456,
    0.3055555522441864,
    0.3055555522441864,
    0.2916666567325592,
    0.3333333432674408,
    0.3333333432674408,
    0.3611111044883728,
    0.3333333432674408,
    0.2916666567325592,
    0.3055555522441864,
    0.3194444477558136,
    0.3194444477558136,
    0.2916666567325592,
    0.3472222089767456,
    0.375,
    0.3333333432674408,
    0.2638888955116272,
    0.3333333432674408,
    0.3055555522441864,
    0.3333333432674408,
    0.3888888955116272,
    0.2777777910232544,
    0.3055555522441864,
    0.3055555522441864,
    0.2777777910232544,
    0.3055555522441864,
    0.3194444477558136,
    0.3888888955116272,
    0.3055555522441864,
    0.3611111044883728,
    0.3333333432674408,
    0.2638888955116272,
    0.3611111044883728,
    0.3472222089767456,
    0.3611111044883728,
    0.3055555522441864,
    0.2916666567325592,
    0.2638888955116272,
    0.3472222089767456,
    0.375,
    0.3055555522441864,
    0.3611111044883728,
    0.2777777910232544,
    0.3888888955116272,
    0.2916666567325592,
    0.2638888955116272,
    0.3333333432674408,
    0.3611111044883728,
    0.4027777910232544,
    0.3333333432674408,
    0.3194444477558136,
    0.3055555522441864,
    0.3055555522441864,
    0.2777777910232544,
    0.3055555522441864,
    0.375,
    0.3611111044883728,
    0.375,
    0.2916666567325592,
    0.3333333432674408,
    0.3611111044883728,
    0.4166666567325592,
    0.3333333432674408,
    0.2777777910232544,
    0.3194444477558136,
    0.3611111044883728,
    0.3194444477558136,
    0.3888888955116272,
    0.4166666567325592,
    0.3194444477558136,
    0.25,
    0.3194444477558136,
    0.3888888955116272,
    0.3333333432674408,
    0.3611111044883728,
    0.3472222089767456,
    0.3333333432674408,
    0.3611111044883728,
    0.3472222089767456,
    0.3611111044883728,
    0.3472222089767456,
    0.3333333432674408,
    0.3333333432674408,
    0.3333333432674408,
    0.3055555522441864,
    0.3611111044883728,
    0.2777777910232544,
    0.3472222089767456
  ]
}