{
  "variant": "halting_only",
  "seed": 2,
  "device": "cuda",
  "dtype": "float32",
  "block_size": 128,
  "batch_size": 2,
  "max_train_steps": 200,
  "parameter_count": 13088676,
  "train_loss": 7.767076988220214,
  "train_ppl": 2361.558327134971,
  "train_tokens_per_second": 1283.7610646549797,
  "train_step_time_ms": 199.41405534744263,
  "val_loss": 8.658000840081108,
  "val_ppl": 5756.015956079194,
  "eval_tokens_per_second": 28375.047035743934,
  "eval_step_time_ms": 8.520788616604277,
  "num_layers_with_stats": 2.0,
  "mean_attention_trigger_rate": 0.0,
  "mean_active_fraction": 0.8560112847222222,
  "mean_halted_fraction": 0.1439887152777778,
  "mean_halt_step": 1.8849826388888888,
  "mean_executed_steps": 2.0,
  "mean_halt_step_by_position": [
    1.8333333730697632,
    1.8611111640930176,
    1.9722222089767456,
    1.9722222089767456,
    1.9166666269302368,
    1.9444444179534912,
    1.8888888359069824,
    1.9722222089767456,
    1.8888888359069824,
    1.9722222089767456,
    1.9166666269302368,
    1.9166666269302368,
    1.9444444179534912,
    1.8055555820465088,
    1.9444444179534912,
    1.8888888359069824,
    1.9444444179534912,
    1.8611111640930176,
    1.8333333730697632,
    1.9722222089767456,
    1.8333333730697632,
    1.9166666269302368,
    1.9166666269302368,
    1.9444444179534912,
    1.8333333730697632,
    1.8888888359069824,
    1.9444444179534912,
    1.8888888359069824,
    1.75,
    1.8888888359069824,
    1.9166666269302368,
    1.9444444179534912,
    1.9166666269302368,
    1.8333333730697632,
    1.9166666269302368,
    1.8888888359069824,
    1.9444444179534912,
    1.9166666269302368,
    1.75,
    1.9166666269302368,
    1.9722222089767456,
    1.9444444179534912,
    1.8611111640930176,
    1.9166666269302368,
    1.9166666269302368,
    1.9722222089767456,
    1.8888888359069824,
    1.7777777910232544,
    1.9166666269302368,
    1.8888888359069824,
    1.8888888359069824,
    1.9444444179534912,
    1.8888888359069824,
    1.8333333730697632,
    1.9444444179534912,
    1.8888888359069824,
    1.8611111640930176,
    1.8055555820465088,
    1.8055555820465088,
    1.9166666269302368,
    1.9166666269302368,
    1.8888888359069824,
    1.9166666269302368,
    1.8055555820465088,
    1.8333333730697632,
    2.0,
    1.75,
    1.9444444179534912,
    1.8611111640930176,
    1.8888888359069824,
    1.9166666269302368,
    1.8055555820465088,
    1.9166666269302368,
    1.8055555820465088,
    1.8888888359069824,
    1.8333333730697632,
    1.8611111640930176,
    1.9166666269302368,
    1.9166666269302368,
    1.8888888359069824,
    1.9722222089767456,
    1.8888888359069824,
    1.8888888359069824,
    1.8333333730697632,
    1.9444444179534912,
    1.9166666269302368,
    1.8611111640930176,
    1.8333333730697632,
    1.8333333730697632,
    1.8888888359069824,
    1.8333333730697632,
    1.8333333730697632,
    1.8611111640930176,
    1.8055555820465088,
    1.8888888359069824,
    1.8888888359069824,
    1.9166666269302368,
    1.8888888359069824,
    1.8333333730697632,
    1.9166666269302368,
    1.9166666269302368,
    1.9444444179534912,
    1.9166666269302368,
    1.8055555820465088,
    1.9166666269302368,
    1.8611111640930176,
    1.8055555820465088,
    1.8333333730697632,
    1.8611111640930176,
    1.8333333730697632,
    1.8888888359069824,
    1.8611111640930176,
    1.7777777910232544,
    1.8888888359069824,
    1.8611111640930176,
    1.7777777910232544,
    1.9444444179534912,
    1.8888888359069824,
    1.8888888359069824,
    1.8888888359069824,
    1.8611111640930176,
    1.8333333730697632,
    1.8888888359069824,
    1.8888888359069824,
    1.8888888359069824,
    1.8888888359069824,
    1.9166666269302368,
    1.8333333730697632
  ],
  "halted_fraction_by_position": [
    0.1666666716337204,
    0.1388888955116272,
    0.02777777798473835,
    0.02777777798473835,
    0.0833333358168602,
    0.0555555559694767,
    0.1111111119389534,
    0.02777777798473835,
    0.1111111119389534,
    0.02777777798473835,
    0.0972222238779068,
    0.0833333358168602,
    0.0555555559694767,
    0.1944444477558136,
    0.0555555559694767,
    0.125,
    0.0555555559694767,
    0.1527777761220932,
    0.1666666716337204,
    0.0416666679084301,
    0.2222222238779068,
    0.0833333358168602,
    0.1111111119389534,
    0.0694444477558136,
    0.2222222238779068,
    0.1111111119389534,
    0.0555555559694767,
    0.125,
    0.2777777910232544,
    0.1388888955116272,
    0.1111111119389534,
    0.0972222238779068,
    0.0833333358168602,
    0.2361111044883728,
    0.0972222238779068,
    0.125,
    0.0694444477558136,
    0.0972222238779068,
    0.3055555522441864,
    0.0833333358168602,
    0.02777777798473835,
    0.0555555559694767,
    0.1527777761220932,
    0.0972222238779068,
    0.0833333358168602,
    0.0555555559694767,
    0.125,
    0.25,
    0.1111111119389534,
    0.1111111119389534,
    0.1388888955116272,
    0.0555555559694767,
    0.1666666716337204,
    0.2222222238779068,
    0.0694444477558136,
    0.1527777761220932,
    0.1805555522441864,
    0.2222222238779068,
    0.2222222238779068,
    0.1111111119389534,
    0.1666666716337204,
    0.125,
    0.1111111119389534,
    0.2222222238779068,
    0.1666666716337204,
    0.0,
    0.3055555522441864,
    0.1527777761220932,
    0.1944444477558136,
    0.1666666716337204,
    0.0833333358168602,
    0.1944444477558136,
    0.1111111119389534,
    0.2361111044883728,
    0.125,
    0.2083333283662796,
    0.1944444477558136,
    0.125,
    0.1111111119389534,
    0.1666666716337204,
    0.02777777798473835,
    0.1388888955116272,
    0.125,
    0.2083333283662796,
    0.0694444477558136,
    0.0972222238779068,
    0.1527777761220932,
    0.2083333283662796,
    0.25,
    0.1388888955116272,
    0.2222222238779068,
    0.2083333283662796,
    0.2222222238779068,
    0.2638888955116272,
    0.1666666716337204,
    0.1666666716337204,
    0.0972222238779068,
    0.125,
    0.1944444477558136,
    0.1111111119389534,
    0.1388888955116272,
    0.0972222238779068,
    0.1111111119389534,
    0.25,
    0.1111111119389534,
    0.1666666716337204,
    0.2083333283662796,
    0.2083333283662796,
    0.1805555522441864,
    0.2083333283662796,
    0.1666666716337204,
    0.1527777761220932,
    0.3194444477558136,
    0.1527777761220932,
    0.1805555522441864,
    0.2638888955116272,
    0.0694444477558136,
    0.1527777761220932,
    0.1527777761220932,
    0.125,
    0.1527777761220932,
    0.2222222238779068,
    0.1944444477558136,
    0.1666666716337204,
    0.1666666716337204,
    0.1805555522441864,
    0.125,
    0.3055555522441864
  ]
}