{
  "variant": "full",
  "seed": 2,
  "device": "cuda",
  "dtype": "float32",
  "block_size": 128,
  "batch_size": 2,
  "max_train_steps": 200,
  "parameter_count": 13220772,
  "train_loss": 7.656967966556549,
  "train_ppl": 2115.3339321451895,
  "train_tokens_per_second": 1539.3176644200726,
  "train_step_time_ms": 166.307452917099,
  "val_loss": 8.592377874586317,
  "val_ppl": 5390.416181649476,
  "eval_tokens_per_second": 28121.502466499667,
  "eval_step_time_ms": 8.597612380981445,
  "num_layers_with_stats": 2.0,
  "mean_attention_trigger_rate": 0.3333333333333333,
  "mean_active_fraction": 0.9532335069444444,
  "mean_halted_fraction": 0.04676649305555555,
  "mean_halt_step": 1.9559461805555556,
  "mean_executed_steps": 2.0,
  "mean_halt_step_by_position": [
    1.9444444179534912,
    2.0,
    1.8888888359069824,
    2.0,
    1.9444444179534912,
    1.8888888359069824,
    1.9444444179534912,
    2.0,
    1.9722222089767456,
    2.0,
    2.0,
    1.9444444179534912,
    1.8611111640930176,
    1.9444444179534912,
    1.9166666269302368,
    1.9722222089767456,
    1.9444444179534912,
    1.9166666269302368,
    1.9166666269302368,
    2.0,
    2.0,
    2.0,
    1.9166666269302368,
    1.9166666269302368,
    1.9166666269302368,
    1.9722222089767456,
    1.9722222089767456,
    1.9722222089767456,
    1.9444444179534912,
    1.9722222089767456,
    1.9444444179534912,
    1.9722222089767456,
    1.9444444179534912,
    1.9444444179534912,
    1.9722222089767456,
    2.0,
    1.9722222089767456,
    2.0,
    1.9722222089767456,
    1.9444444179534912,
    1.9444444179534912,
    2.0,
    1.9166666269302368,
    2.0,
    1.8888888359069824,
    1.8888888359069824,
    1.9722222089767456,
    1.8888888359069824,
    1.9444444179534912,
    1.9166666269302368,
    1.8888888359069824,
    1.9722222089767456,
    1.9444444179534912,
    1.9722222089767456,
    1.9722222089767456,
    1.9444444179534912,
    1.9444444179534912,
    2.0,
    2.0,
    1.8888888359069824,
    1.9722222089767456,
    1.9444444179534912,
    1.9722222089767456,
    1.9722222089767456,
    2.0,
    2.0,
    1.9722222089767456,
    1.9444444179534912,
    1.9722222089767456,
    1.9166666269302368,
    2.0,
    1.9444444179534912,
    2.0,
    1.9444444179534912,
    1.9444444179534912,
    1.9722222089767456,
    1.9722222089767456,
    1.9722222089767456,
    1.9166666269302368,
    1.9166666269302368,
    1.9722222089767456,
    1.9444444179534912,
    2.0,
    1.9166666269302368,
    1.9166666269302368,
    2.0,
    1.9166666269302368,
    1.9444444179534912,
    1.9166666269302368,
    1.9722222089767456,
    1.9444444179534912,
    2.0,
    1.9722222089767456,
    1.9722222089767456,
    1.9722222089767456,
    1.9444444179534912,
    1.9444444179534912,
    2.0,
    1.9166666269302368,
    2.0,
    2.0,
    1.9722222089767456,
    1.8888888359069824,
    1.9444444179534912,
    1.9722222089767456,
    1.9444444179534912,
    1.9722222089767456,
    1.9722222089767456,
    1.9722222089767456,
    2.0,
    1.9444444179534912,
    1.9722222089767456,
    1.9166666269302368,
    2.0,
    2.0,
    2.0,
    1.9722222089767456,
    1.9722222089767456,
    1.8888888359069824,
    2.0,
    2.0,
    1.9722222089767456,
    1.7777777910232544,
    1.9722222089767456,
    2.0,
    1.8611111640930176,
    2.0,
    1.9166666269302368
  ],
  "halted_fraction_by_position": [
    0.0555555559694767,
    0.0,
    0.1111111119389534,
    0.0,
    0.0555555559694767,
    0.1111111119389534,
    0.0555555559694767,
    0.0,
    0.02777777798473835,
    0.0,
    0.0,
    0.0555555559694767,
    0.1388888955116272,
    0.0555555559694767,
    0.0833333358168602,
    0.02777777798473835,
    0.0555555559694767,
    0.0833333358168602,
    0.0833333358168602,
    0.0,
    0.0,
    0.0,
    0.0833333358168602,
    0.0833333358168602,
    0.0833333358168602,
    0.02777777798473835,
    0.02777777798473835,
    0.02777777798473835,
    0.0555555559694767,
    0.02777777798473835,
    0.0555555559694767,
    0.02777777798473835,
    0.0555555559694767,
    0.0555555559694767,
    0.02777777798473835,
    0.0,
    0.02777777798473835,
    0.0,
    0.02777777798473835,
    0.0555555559694767,
    0.0555555559694767,
    0.0,
    0.0833333358168602,
    0.0,
    0.125,
    0.1111111119389534,
    0.02777777798473835,
    0.1111111119389534,
    0.0555555559694767,
    0.0972222238779068,
    0.1111111119389534,
    0.02777777798473835,
    0.0555555559694767,
    0.02777777798473835,
    0.02777777798473835,
    0.0555555559694767,
    0.0555555559694767,
    0.0,
    0.0,
    0.1111111119389534,
    0.0416666679084301,
    0.0694444477558136,
    0.02777777798473835,
    0.02777777798473835,
    0.0,
    0.0,
    0.02777777798473835,
    0.0555555559694767,
    0.0416666679084301,
    0.0833333358168602,
    0.0,
    0.0555555559694767,
    0.0,
    0.0833333358168602,
    0.0555555559694767,
    0.02777777798473835,
    0.02777777798473835,
    0.02777777798473835,
    0.0972222238779068,
    0.0833333358168602,
    0.02777777798473835,
    0.0555555559694767,
    0.0,
    0.1111111119389534,
    0.0833333358168602,
    0.0,
    0.0833333358168602,
    0.0694444477558136,
    0.0833333358168602,
    0.02777777798473835,
    0.0694444477558136,
    0.013888888992369175,
    0.02777777798473835,
    0.02777777798473835,
    0.02777777798473835,
    0.0555555559694767,
    0.0555555559694767,
    0.0,
    0.0833333358168602,
    0.0,
    0.0,
    0.02777777798473835,
    0.1111111119389534,
    0.0555555559694767,
    0.0416666679084301,
    0.0555555559694767,
    0.0416666679084301,
    0.02777777798473835,
    0.02777777798473835,
    0.013888888992369175,
    0.0555555559694767,
    0.02777777798473835,
    0.1111111119389534,
    0.0,
    0.0,
    0.0,
    0.02777777798473835,
    0.02777777798473835,
    0.1111111119389534,
    0.0,
    0.0,
    0.02777777798473835,
    0.2222222238779068,
    0.0416666679084301,
    0.02777777798473835,
    0.1666666716337204,
    0.013888888992369175,
    0.0972222238779068
  ]
}