{
  "variant": "halting_only",
  "seed": 0,
  "device": "cuda",
  "dtype": "float32",
  "block_size": 128,
  "batch_size": 2,
  "max_train_steps": 200,
  "parameter_count": 13088676,
  "train_loss": 7.6345802545547485,
  "train_ppl": 2068.5026242109793,
  "train_tokens_per_second": 1582.1686270849145,
  "train_step_time_ms": 161.80323362350464,
  "val_loss": 8.602670139736599,
  "val_ppl": 5446.182261624574,
  "eval_tokens_per_second": 21494.611522600793,
  "eval_step_time_ms": 11.248297161526152,
  "num_layers_with_stats": 2.0,
  "mean_attention_trigger_rate": 0.0,
  "mean_active_fraction": 0.9690755208333334,
  "mean_halted_fraction": 0.030924479166666668,
  "mean_halt_step": 1.9698350694444444,
  "mean_executed_steps": 2.0,
  "mean_halt_step_by_position": [
    1.9722222089767456,
    1.8888888359069824,
    1.9722222089767456,
    1.9722222089767456,
    2.0,
    1.9444444179534912,
    1.9444444179534912,
    1.9444444179534912,
    1.9444444179534912,
    1.9722222089767456,
    1.9444444179534912,
    1.9722222089767456,
    1.9722222089767456,
    1.9722222089767456,
    2.0,
    1.9722222089767456,
    2.0,
    1.9722222089767456,
    1.9722222089767456,
    2.0,
    1.9444444179534912,
    1.9722222089767456,
    1.9444444179534912,
    2.0,
    2.0,
    1.9166666269302368,
    2.0,
    2.0,
    2.0,
    1.9444444179534912,
    2.0,
    2.0,
    1.9444444179534912,
    2.0,
    1.8888888359069824,
    2.0,
    1.9722222089767456,
    2.0,
    1.9722222089767456,
    1.9444444179534912,
    2.0,
    2.0,
    1.9722222089767456,
    1.9722222089767456,
    1.9166666269302368,
    1.9444444179534912,
    1.9722222089767456,
    2.0,
    2.0,
    2.0,
    1.9722222089767456,
    1.8611111640930176,
    1.9444444179534912,
    1.9444444179534912,
    1.9444444179534912,
    2.0,
    2.0,
    2.0,
    1.9722222089767456,
    1.9722222089767456,
    1.9722222089767456,
    1.9722222089767456,
    1.9722222089767456,
    2.0,
    2.0,
    1.9444444179534912,
    1.9722222089767456,
    1.9166666269302368,
    1.9722222089767456,
    1.9722222089767456,
    1.9166666269302368,
    2.0,
    2.0,
    2.0,
    2.0,
    2.0,
    1.9444444179534912,
    2.0,
    2.0,
    1.9722222089767456,
    1.9444444179534912,
    2.0,
    1.9722222089767456,
    1.9444444179534912,
    2.0,
    1.9722222089767456,
    1.8611111640930176,
    1.9722222089767456,
    1.9166666269302368,
    1.9722222089767456,
    1.9444444179534912,
    1.9444444179534912,
    1.9722222089767456,
    2.0,
    1.9722222089767456,
    1.9166666269302368,
    2.0,
    1.9722222089767456,
    2.0,
    1.9444444179534912,
    2.0,
    1.9166666269302368,
    2.0,
    2.0,
    2.0,
    1.9444444179534912,
    2.0,
    1.9444444179534912,
    2.0,
    1.9444444179534912,
    1.9444444179534912,
    2.0,
    2.0,
    2.0,
    1.9444444179534912,
    1.8888888359069824,
    1.9444444179534912,
    2.0,
    1.9722222089767456,
    1.9722222089767456,
    1.9722222089767456,
    2.0,
    1.9444444179534912,
    1.9722222089767456,
    1.9722222089767456,
    2.0,
    1.9722222089767456,
    1.9722222089767456
  ],
  "halted_fraction_by_position": [
    0.02777777798473835,
    0.1111111119389534,
    0.02777777798473835,
    0.02777777798473835,
    0.0,
    0.0555555559694767,
    0.0555555559694767,
    0.0555555559694767,
    0.0555555559694767,
    0.02777777798473835,
    0.0555555559694767,
    0.02777777798473835,
    0.02777777798473835,
    0.02777777798473835,
    0.0,
    0.02777777798473835,
    0.0,
    0.02777777798473835,
    0.02777777798473835,
    0.0,
    0.0555555559694767,
    0.02777777798473835,
    0.0555555559694767,
    0.0,
    0.0,
    0.0833333358168602,
    0.0,
    0.0,
    0.0,
    0.0555555559694767,
    0.0,
    0.0,
    0.0555555559694767,
    0.0,
    0.1111111119389534,
    0.0,
    0.02777777798473835,
    0.0,
    0.02777777798473835,
    0.0555555559694767,
    0.0,
    0.0,
    0.02777777798473835,
    0.02777777798473835,
    0.0833333358168602,
    0.0555555559694767,
    0.02777777798473835,
    0.0,
    0.0,
    0.0,
    0.0416666679084301,
    0.1527777761220932,
    0.0555555559694767,
    0.0555555559694767,
    0.0555555559694767,
    0.0,
    0.013888888992369175,
    0.0,
    0.02777777798473835,
    0.02777777798473835,
    0.02777777798473835,
    0.0416666679084301,
    0.0416666679084301,
    0.0,
    0.0,
    0.0555555559694767,
    0.02777777798473835,
    0.0833333358168602,
    0.02777777798473835,
    0.02777777798473835,
    0.0833333358168602,
    0.0,
    0.0,
    0.0,
    0.0,
    0.0,
    0.0555555559694767,
    0.0,
    0.0,
    0.02777777798473835,
    0.0555555559694767,
    0.0,
    0.02777777798473835,
    0.0555555559694767,
    0.0,
    0.02777777798473835,
    0.1388888955116272,
    0.02777777798473835,
    0.0833333358168602,
    0.02777777798473835,
    0.0555555559694767,
    0.0555555559694767,
    0.02777777798473835,
    0.0,
    0.02777777798473835,
    0.0833333358168602,
    0.0,
    0.02777777798473835,
    0.0,
    0.0555555559694767,
    0.0,
    0.0833333358168602,
    0.0,
    0.0,
    0.0,
    0.0555555559694767,
    0.0,
    0.0555555559694767,
    0.0,
    0.0555555559694767,
    0.0555555559694767,
    0.0,
    0.0,
    0.0,
    0.0555555559694767,
    0.125,
    0.0555555559694767,
    0.0,
    0.02777777798473835,
    0.02777777798473835,
    0.0416666679084301,
    0.0,
    0.0555555559694767,
    0.02777777798473835,
    0.02777777798473835,
    0.0,
    0.02777777798473835,
    0.02777777798473835
  ]
}