{
  "variant": "full",
  "seed": 0,
  "device": "cuda",
  "dtype": "float32",
  "block_size": 128,
  "batch_size": 2,
  "max_train_steps": 200,
  "parameter_count": 13220772,
  "train_loss": 7.850763478279114,
  "train_ppl": 2567.693947228111,
  "train_tokens_per_second": 1531.385816950316,
  "train_step_time_ms": 167.1688461303711,
  "val_loss": 8.597647137112087,
  "val_ppl": 5418.894664041415,
  "eval_tokens_per_second": 26296.046444757532,
  "eval_step_time_ms": 9.194453557332357,
  "num_layers_with_stats": 2.0,
  "mean_attention_trigger_rate": 0.5555555555555556,
  "mean_active_fraction": 0.5609809027777778,
  "mean_halted_fraction": 0.4390190972222222,
  "mean_halt_step": 1.65234375,
  "mean_executed_steps": 2.0,
  "mean_halt_step_by_position": [
    1.6111111640930176,
    1.6666666269302368,
    1.6666666269302368,
    1.6388888359069824,
    1.6388888359069824,
    1.6666666269302368,
    1.6111111640930176,
    1.6111111640930176,
    1.6111111640930176,
    1.6666666269302368,
    1.6388888359069824,
    1.6944444179534912,
    1.5555555820465088,
    1.6666666269302368,
    1.5833333730697632,
    1.6666666269302368,
    1.5833333730697632,
    1.6666666269302368,
    1.6111111640930176,
    1.6666666269302368,
    1.7222222089767456,
    1.6111111640930176,
    1.6666666269302368,
    1.6388888359069824,
    1.5833333730697632,
    1.75,
    1.6666666269302368,
    1.5833333730697632,
    1.6388888359069824,
    1.6388888359069824,
    1.7222222089767456,
    1.5555555820465088,
    1.5833333730697632,
    1.5833333730697632,
    1.6388888359069824,
    1.6666666269302368,
    1.5833333730697632,
    1.6388888359069824,
    1.6666666269302368,
    1.6666666269302368,
    1.5833333730697632,
    1.7777777910232544,
    1.8333333730697632,
    1.5555555820465088,
    1.7222222089767456,
    1.6944444179534912,
    1.6111111640930176,
    1.6388888359069824,
    1.7222222089767456,
    1.7222222089767456,
    1.7222222089767456,
    1.6111111640930176,
    1.6388888359069824,
    1.6388888359069824,
    1.7777777910232544,
    1.5555555820465088,
    1.6388888359069824,
    1.6111111640930176,
    1.7222222089767456,
    1.6111111640930176,
    1.6111111640930176,
    1.6944444179534912,
    1.6388888359069824,
    1.5833333730697632,
    1.6944444179534912,
    1.6111111640930176,
    1.75,
    1.6666666269302368,
    1.5833333730697632,
    1.5,
    1.6388888359069824,
    1.5833333730697632,
    1.7222222089767456,
    1.6388888359069824,
    1.5833333730697632,
    1.6111111640930176,
    1.6944444179534912,
    1.6388888359069824,
    1.7777777910232544,
    1.6666666269302368,
    1.75,
    1.6666666269302368,
    1.6944444179534912,
    1.6666666269302368,
    1.6111111640930176,
    1.7222222089767456,
    1.6666666269302368,
    1.6944444179534912,
    1.6111111640930176,
    1.6388888359069824,
    1.6388888359069824,
    1.6944444179534912,
    1.6944444179534912,
    1.6388888359069824,
    1.6388888359069824,
    1.6944444179534912,
    1.6111111640930176,
    1.6666666269302368,
    1.6388888359069824,
    1.75,
    1.6388888359069824,
    1.6388888359069824,
    1.7222222089767456,
    1.6111111640930176,
    1.8055555820465088,
    1.75,
    1.5833333730697632,
    1.6388888359069824,
    1.6666666269302368,
    1.6944444179534912,
    1.6111111640930176,
    1.6111111640930176,
    1.6388888359069824,
    1.6111111640930176,
    1.5277777910232544,
    1.6111111640930176,
    1.6388888359069824,
    1.6666666269302368,
    1.6388888359069824,
    1.6111111640930176,
    1.6944444179534912,
    1.6388888359069824,
    1.6388888359069824,
    1.7222222089767456,
    1.7222222089767456,
    1.6111111640930176,
    1.7222222089767456,
    1.6388888359069824
  ],
  "halted_fraction_by_position": [
    0.4027777910232544,
    0.3333333432674408,
    0.3333333432674408,
    0.4027777910232544,
    0.375,
    0.3611111044883728,
    0.4583333432674408,
    0.4305555522441864,
    0.4027777910232544,
    0.3888888955116272,
    0.4305555522441864,
    0.3611111044883728,
    0.5138888955116272,
    0.3888888955116272,
    0.4722222089767456,
    0.3611111044883728,
    0.4305555522441864,
    0.4027777910232544,
    0.4722222089767456,
    0.3611111044883728,
    0.3055555522441864,
    0.4166666567325592,
    0.4305555522441864,
    0.4027777910232544,
    0.4444444477558136,
    0.3472222089767456,
    0.4444444477558136,
    0.4444444477558136,
    0.375,
    0.4027777910232544,
    0.3055555522441864,
    0.5277777910232544,
    0.5,
    0.4305555522441864,
    0.4444444477558136,
    0.4166666567325592,
    0.5,
    0.4027777910232544,
    0.4027777910232544,
    0.4166666567325592,
    0.4861111044883728,
    0.3611111044883728,
    0.25,
    0.4583333432674408,
    0.3472222089767456,
    0.4583333432674408,
    0.5555555820465088,
    0.4583333432674408,
    0.3333333432674408,
    0.3611111044883728,
    0.3888888955116272,
    0.4722222089767456,
    0.4166666567325592,
    0.4861111044883728,
    0.3333333432674408,
    0.5555555820465088,
    0.4861111044883728,
    0.5694444179534912,
    0.3611111044883728,
    0.4861111044883728,
    0.4583333432674408,
    0.3472222089767456,
    0.4444444477558136,
    0.4305555522441864,
    0.375,
    0.4861111044883728,
    0.2777777910232544,
    0.4444444477558136,
    0.4583333432674408,
    0.6388888955116272,
    0.4722222089767456,
    0.4722222089767456,
    0.3472222089767456,
    0.5138888955116272,
    0.5,
    0.4861111044883728,
    0.3888888955116272,
    0.4583333432674408,
    0.375,
    0.4444444477558136,
    0.3888888955116272,
    0.4444444477558136,
    0.3472222089767456,
    0.4722222089767456,
    0.5138888955116272,
    0.375,
    0.4722222089767456,
    0.4166666567325592,
    0.4861111044883728,
    0.4722222089767456,
    0.4722222089767456,
    0.4166666567325592,
    0.4027777910232544,
    0.4444444477558136,
    0.5,
    0.4166666567325592,
    0.5277777910232544,
    0.4166666567325592,
    0.4861111044883728,
    0.3888888955116272,
    0.4583333432674408,
    0.5,
    0.4583333432674408,
    0.4861111044883728,
    0.3333333432674408,
    0.4027777910232544,
    0.5416666865348816,
    0.4861111044883728,
    0.4861111044883728,
    0.4444444477558136,
    0.4444444477558136,
    0.5694444179534912,
    0.4861111044883728,
    0.4861111044883728,
    0.6111111044883728,
    0.4305555522441864,
    0.5694444179534912,
    0.4861111044883728,
    0.5,
    0.5138888955116272,
    0.4444444477558136,
    0.5416666865348816,
    0.4166666567325592,
    0.5,
    0.5,
    0.5277777910232544,
    0.3611111044883728,
    0.4583333432674408
  ]
}