{
  "variant": "halting_only",
  "seed": 1,
  "device": "cuda",
  "dtype": "float32",
  "block_size": 128,
  "batch_size": 2,
  "max_train_steps": 200,
  "parameter_count": 13088676,
  "train_loss": 7.776108181476593,
  "train_ppl": 2382.9826145958364,
  "train_tokens_per_second": 1555.1441874770683,
  "train_step_time_ms": 164.61496114730835,
  "val_loss": 8.65568987528483,
  "val_ppl": 5742.72936417411,
  "eval_tokens_per_second": 30030.585666481307,
  "eval_step_time_ms": 8.05105103386773,
  "num_layers_with_stats": 2.0,
  "mean_attention_trigger_rate": 0.0,
  "mean_active_fraction": 0.9395616319444444,
  "mean_halted_fraction": 0.06043836805555555,
  "mean_halt_step": 1.955078125,
  "mean_executed_steps": 2.0,
  "mean_halt_step_by_position": [
    1.9166666269302368,
    1.8888888359069824,
    2.0,
    1.9166666269302368,
    1.8888888359069824,
    1.8611111640930176,
    1.9166666269302368,
    1.9444444179534912,
    1.9722222089767456,
    1.9722222089767456,
    1.8888888359069824,
    1.9444444179534912,
    1.8333333730697632,
    1.9722222089767456,
    1.9166666269302368,
    1.9166666269302368,
    1.9444444179534912,
    2.0,
    1.9166666269302368,
    1.8333333730697632,
    1.9166666269302368,
    1.9722222089767456,
    1.9166666269302368,
    1.9722222089767456,
    1.9722222089767456,
    1.9444444179534912,
    1.9722222089767456,
    1.9722222089767456,
    2.0,
    1.9722222089767456,
    1.9444444179534912,
    1.9444444179534912,
    1.9722222089767456,
    1.9166666269302368,
    1.9722222089767456,
    2.0,
    2.0,
    1.9166666269302368,
    1.9722222089767456,
    1.8888888359069824,
    2.0,
    1.9166666269302368,
    2.0,
    2.0,
    1.9722222089767456,
    1.9722222089767456,
    2.0,
    1.9166666269302368,
    1.9444444179534912,
    2.0,
    2.0,
    2.0,
    1.9444444179534912,
    1.9722222089767456,
    1.9722222089767456,
    1.9722222089767456,
    2.0,
    1.9722222089767456,
    1.9722222089767456,
    1.9722222089767456,
    1.8611111640930176,
    1.9444444179534912,
    1.9444444179534912,
    2.0,
    1.9722222089767456,
    1.9722222089767456,
    1.9444444179534912,
    1.9722222089767456,
    2.0,
    2.0,
    1.9722222089767456,
    1.9722222089767456,
    2.0,
    1.9722222089767456,
    1.9722222089767456,
    1.9444444179534912,
    1.9722222089767456,
    2.0,
    1.9722222089767456,
    1.9722222089767456,
    1.9166666269302368,
    2.0,
    1.9444444179534912,
    2.0,
    1.9166666269302368,
    1.9166666269302368,
    1.9722222089767456,
    1.9166666269302368,
    2.0,
    1.9444444179534912,
    2.0,
    2.0,
    1.9444444179534912,
    1.9166666269302368,
    1.9444444179534912,
    1.9722222089767456,
    1.9444444179534912,
    2.0,
    1.9444444179534912,
    1.9722222089767456,
    1.8333333730697632,
    2.0,
    1.9444444179534912,
    1.9722222089767456,
    1.8611111640930176,
    1.9722222089767456,
    1.9166666269302368,
    1.9166666269302368,
    1.9444444179534912,
    1.9166666269302368,
    1.9722222089767456,
    1.9722222089767456,
    1.9722222089767456,
    1.9444444179534912,
    1.9166666269302368,
    1.9722222089767456,
    2.0,
    1.9722222089767456,
    2.0,
    1.9444444179534912,
    1.9722222089767456,
    1.9444444179534912,
    1.9722222089767456,
    1.8888888359069824,
    2.0,
    1.9722222089767456,
    1.9444444179534912,
    2.0
  ],
  "halted_fraction_by_position": [
    0.0833333358168602,
    0.1111111119389534,
    0.0,
    0.0833333358168602,
    0.1111111119389534,
    0.1388888955116272,
    0.0833333358168602,
    0.0555555559694767,
    0.02777777798473835,
    0.02777777798473835,
    0.1111111119389534,
    0.0555555559694767,
    0.1666666716337204,
    0.02777777798473835,
    0.0833333358168602,
    0.1111111119389534,
    0.0555555559694767,
    0.0,
    0.0833333358168602,
    0.1666666716337204,
    0.0833333358168602,
    0.02777777798473835,
    0.0833333358168602,
    0.0416666679084301,
    0.02777777798473835,
    0.0833333358168602,
    0.02777777798473835,
    0.02777777798473835,
    0.0,
    0.02777777798473835,
    0.0555555559694767,
    0.0555555559694767,
    0.0555555559694767,
    0.0833333358168602,
    0.0555555559694767,
    0.0,
    0.0,
    0.0972222238779068,
    0.02777777798473835,
    0.125,
    0.0,
    0.1111111119389534,
    0.0,
    0.0,
    0.0555555559694767,
    0.0416666679084301,
    0.0416666679084301,
    0.1111111119389534,
    0.0555555559694767,
    0.02777777798473835,
    0.0,
    0.0,
    0.0694444477558136,
    0.0416666679084301,
    0.02777777798473835,
    0.02777777798473835,
    0.013888888992369175,
    0.0555555559694767,
    0.0416666679084301,
    0.0416666679084301,
    0.1666666716337204,
    0.0555555559694767,
    0.0833333358168602,
    0.0,
    0.02777777798473835,
    0.0833333358168602,
    0.0555555559694767,
    0.0416666679084301,
    0.0416666679084301,
    0.02777777798473835,
    0.0416666679084301,
    0.0694444477558136,
    0.0,
    0.0416666679084301,
    0.0555555559694767,
    0.0555555559694767,
    0.0416666679084301,
    0.02777777798473835,
    0.0416666679084301,
    0.0694444477558136,
    0.0833333358168602,
    0.013888888992369175,
    0.0694444477558136,
    0.013888888992369175,
    0.125,
    0.0972222238779068,
    0.0555555559694767,
    0.125,
    0.02777777798473835,
    0.0833333358168602,
    0.02777777798473835,
    0.0,
    0.0694444477558136,
    0.125,
    0.0694444477558136,
    0.0416666679084301,
    0.0694444477558136,
    0.0694444477558136,
    0.0972222238779068,
    0.0972222238779068,
    0.2083333283662796,
    0.0416666679084301,
    0.0833333358168602,
    0.0694444477558136,
    0.1805555522441864,
    0.0555555559694767,
    0.125,
    0.0833333358168602,
    0.0555555559694767,
    0.125,
    0.0416666679084301,
    0.0694444477558136,
    0.0555555559694767,
    0.0694444477558136,
    0.0972222238779068,
    0.0416666679084301,
    0.013888888992369175,
    0.02777777798473835,
    0.013888888992369175,
    0.0694444477558136,
    0.0694444477558136,
    0.0833333358168602,
    0.0555555559694767,
    0.125,
    0.013888888992369175,
    0.0694444477558136,
    0.0555555559694767,
    0.013888888992369175
  ]
}