{
  "variant": "full",
  "seed": 0,
  "device": "cuda",
  "dtype": "float32",
  "block_size": 128,
  "batch_size": 2,
  "max_train_steps": 1000,
  "parameter_count": 13220772,
  "train_loss": 5.68714845085144,
  "train_ppl": 295.05106730053524,
  "train_tokens_per_second": 5271.721050457886,
  "train_step_time_ms": 48.560991287231445,
  "val_loss": 8.178483057022095,
  "val_ppl": 3563.445015904887,
  "eval_tokens_per_second": 29110.606887913484,
  "eval_step_time_ms": 8.794045448303223,
  "num_layers_with_stats": 2.0,
  "mean_attention_trigger_rate": 0.425,
  "mean_active_fraction": 0.8880859375,
  "mean_halted_fraction": 0.1119140625,
  "mean_halt_step": 1.909765625,
  "mean_executed_steps": 2.0,
  "mean_halt_step_by_position": [
    1.9249999523162842,
    1.9249999523162842,
    1.9500000476837158,
    1.875,
    1.9249999523162842,
    1.8250000476837158,
    1.899999976158142,
    1.850000023841858,
    1.899999976158142,
    1.875,
    1.850000023841858,
    1.9500000476837158,
    1.875,
    1.899999976158142,
    1.875,
    1.875,
    1.9249999523162842,
    1.9249999523162842,
    1.9249999523162842,
    1.8250000476837158,
    1.875,
    1.9249999523162842,
    1.875,
    1.975000023841858,
    1.899999976158142,
    1.899999976158142,
    1.9500000476837158,
    1.850000023841858,
    1.875,
    1.899999976158142,
    1.850000023841858,
    1.8250000476837158,
    1.975000023841858,
    1.9500000476837158,
    1.875,
    1.975000023841858,
    1.899999976158142,
    1.9249999523162842,
    1.899999976158142,
    1.9249999523162842,
    1.9249999523162842,
    1.875,
    1.975000023841858,
    1.7999999523162842,
    1.899999976158142,
    1.875,
    1.7000000476837158,
    1.850000023841858,
    1.875,
    1.774999976158142,
    1.899999976158142,
    1.9249999523162842,
    1.8250000476837158,
    1.899999976158142,
    1.9249999523162842,
    1.9500000476837158,
    1.9500000476837158,
    1.875,
    2.0,
    1.975000023841858,
    1.975000023841858,
    1.774999976158142,
    1.9500000476837158,
    1.9249999523162842,
    1.899999976158142,
    1.8250000476837158,
    2.0,
    1.899999976158142,
    1.9500000476837158,
    1.875,
    1.9500000476837158,
    1.899999976158142,
    1.975000023841858,
    1.850000023841858,
    1.9249999523162842,
    1.850000023841858,
    1.850000023841858,
    1.875,
    2.0,
    1.899999976158142,
    1.9500000476837158,
    1.9249999523162842,
    1.899999976158142,
    1.975000023841858,
    1.975000023841858,
    1.9500000476837158,
    1.899999976158142,
    1.9500000476837158,
    1.9249999523162842,
    1.899999976158142,
    1.899999976158142,
    1.899999976158142,
    1.9249999523162842,
    1.975000023841858,
    1.9500000476837158,
    1.9500000476837158,
    1.975000023841858,
    1.899999976158142,
    1.975000023841858,
    1.899999976158142,
    1.9249999523162842,
    1.9249999523162842,
    1.9500000476837158,
    1.875,
    1.899999976158142,
    1.975000023841858,
    1.899999976158142,
    1.9249999523162842,
    1.899999976158142,
    1.9249999523162842,
    1.899999976158142,
    1.899999976158142,
    1.9500000476837158,
    1.975000023841858,
    1.875,
    1.899999976158142,
    1.850000023841858,
    1.9249999523162842,
    2.0,
    1.9249999523162842,
    1.9500000476837158,
    1.875,
    1.975000023841858,
    1.875,
    1.9500000476837158,
    1.975000023841858,
    1.9249999523162842,
    1.899999976158142
  ],
  "halted_fraction_by_position": [
    0.07500000298023224,
    0.07500000298023224,
    0.05000000074505806,
    0.125,
    0.07500000298023224,
    0.1875,
    0.10000000149011612,
    0.15000000596046448,
    0.10000000149011612,
    0.13750000298023224,
    0.15000000596046448,
    0.05000000074505806,
    0.13750000298023224,
    0.10000000149011612,
    0.13750000298023224,
    0.13750000298023224,
    0.07500000298023224,
    0.08749999850988388,
    0.07500000298023224,
    0.1875,
    0.13750000298023224,
    0.07500000298023224,
    0.125,
    0.03750000149011612,
    0.10000000149011612,
    0.125,
    0.05000000074505806,
    0.16249999403953552,
    0.125,
    0.125,
    0.16249999403953552,
    0.1875,
    0.03750000149011612,
    0.05000000074505806,
    0.13750000298023224,
    0.05000000074505806,
    0.11249999701976776,
    0.11249999701976776,
    0.10000000149011612,
    0.07500000298023224,
    0.10000000149011612,
    0.13750000298023224,
    0.05000000074505806,
    0.23749999701976776,
    0.125,
    0.13750000298023224,
    0.30000001192092896,
    0.17499999701976776,
    0.1875,
    0.2750000059604645,
    0.125,
    0.08749999850988388,
    0.1875,
    0.11249999701976776,
    0.08749999850988388,
    0.07500000298023224,
    0.08749999850988388,
    0.16249999403953552,
    0.0,
    0.08749999850988388,
    0.02500000037252903,
    0.25,
    0.07500000298023224,
    0.11249999701976776,
    0.10000000149011612,
    0.1875,
    0.02500000037252903,
    0.13750000298023224,
    0.08749999850988388,
    0.16249999403953552,
    0.11249999701976776,
    0.15000000596046448,
    0.08749999850988388,
    0.1875,
    0.08749999850988388,
    0.15000000596046448,
    0.1875,
    0.13750000298023224,
    0.0,
    0.125,
    0.11249999701976776,
    0.10000000149011612,
    0.11249999701976776,
    0.05000000074505806,
    0.0625,
    0.07500000298023224,
    0.15000000596046448,
    0.07500000298023224,
    0.10000000149011612,
    0.125,
    0.13750000298023224,
    0.125,
    0.07500000298023224,
    0.0625,
    0.07500000298023224,
    0.11249999701976776,
    0.0625,
    0.11249999701976776,
    0.03750000149011612,
    0.16249999403953552,
    0.10000000149011612,
    0.10000000149011612,
    0.0625,
    0.15000000596046448,
    0.125,
    0.08749999850988388,
    0.125,
    0.11249999701976776,
    0.125,
    0.11249999701976776,
    0.11249999701976776,
    0.15000000596046448,
    0.0625,
    0.05000000074505806,
    0.16249999403953552,
    0.125,
    0.21250000596046448,
    0.10000000149011612,
    0.012500000186264515,
    0.10000000149011612,
    0.07500000298023224,
    0.13750000298023224,
    0.05000000074505806,
    0.17499999701976776,
    0.07500000298023224,
    0.03750000149011612,
    0.08749999850988388,
    0.15000000596046448
  ]
}