{
  "variant": "plain",
  "seed": 2,
  "device": "cuda",
  "dtype": "float32",
  "block_size": 128,
  "batch_size": 2,
  "max_train_steps": 1000,
  "parameter_count": 13088160,
  "train_loss": 4.860023655653,
  "train_ppl": 129.02725429523252,
  "train_tokens_per_second": 6843.334520391374,
  "train_step_time_ms": 37.408663749694824,
  "val_loss": 8.547471904754639,
  "val_ppl": 5153.708877019492,
  "eval_tokens_per_second": 77316.5863072093,
  "eval_step_time_ms": 3.3110618591308594
}