{
  "variant": "full",
  "seed": 2,
  "device": "cuda",
  "dtype": "float32",
  "block_size": 128,
  "batch_size": 2,
  "max_train_steps": 1000,
  "parameter_count": 13220772,
  "train_loss": 5.692666189193726,
  "train_ppl": 296.68358163910955,
  "train_tokens_per_second": 5122.402933863772,
  "train_step_time_ms": 49.97654485702515,
  "val_loss": 8.467538547515868,
  "val_ppl": 4757.789970590544,
  "eval_tokens_per_second": 30369.866753404705,
  "eval_step_time_ms": 8.429408073425293,
  "num_layers_with_stats": 2.0,
  "mean_attention_trigger_rate": 0.175,
  "mean_active_fraction": 0.94072265625,
  "mean_halted_fraction": 0.05927734375,
  "mean_halt_step": 1.957421875,
  "mean_executed_steps": 2.0,
  "mean_halt_step_by_position": [
    1.975000023841858,
    2.0,
    1.975000023841858,
    2.0,
    1.9500000476837158,
    1.9500000476837158,
    1.975000023841858,
    1.975000023841858,
    1.975000023841858,
    1.9500000476837158,
    1.975000023841858,
    1.9500000476837158,
    1.899999976158142,
    2.0,
    1.9500000476837158,
    1.9500000476837158,
    1.975000023841858,
    2.0,
    1.9249999523162842,
    1.975000023841858,
    1.975000023841858,
    2.0,
    1.9249999523162842,
    1.9249999523162842,
    1.975000023841858,
    1.9500000476837158,
    1.975000023841858,
    1.9500000476837158,
    1.899999976158142,
    1.9500000476837158,
    1.9249999523162842,
    1.9500000476837158,
    1.975000023841858,
    2.0,
    1.975000023841858,
    2.0,
    1.9249999523162842,
    1.9500000476837158,
    1.975000023841858,
    1.975000023841858,
    1.9500000476837158,
    1.975000023841858,
    1.9249999523162842,
    1.975000023841858,
    1.9500000476837158,
    1.875,
    1.975000023841858,
    1.9249999523162842,
    1.9500000476837158,
    1.9500000476837158,
    1.975000023841858,
    1.975000023841858,
    1.975000023841858,
    1.975000023841858,
    2.0,
    1.9249999523162842,
    1.975000023841858,
    1.9500000476837158,
    1.975000023841858,
    1.899999976158142,
    1.975000023841858,
    1.9249999523162842,
    1.9249999523162842,
    1.975000023841858,
    1.975000023841858,
    2.0,
    1.9500000476837158,
    1.9500000476837158,
    1.9500000476837158,
    1.975000023841858,
    1.9249999523162842,
    1.9249999523162842,
    1.9249999523162842,
    1.9500000476837158,
    1.899999976158142,
    1.975000023841858,
    2.0,
    1.975000023841858,
    1.899999976158142,
    1.975000023841858,
    1.9500000476837158,
    1.975000023841858,
    1.9500000476837158,
    1.9249999523162842,
    1.975000023841858,
    2.0,
    1.9500000476837158,
    1.899999976158142,
    1.9500000476837158,
    1.9500000476837158,
    2.0,
    2.0,
    1.975000023841858,
    1.9500000476837158,
    2.0,
    1.9249999523162842,
    1.975000023841858,
    2.0,
    1.875,
    1.9500000476837158,
    2.0,
    1.9500000476837158,
    1.975000023841858,
    1.9500000476837158,
    1.899999976158142,
    1.9249999523162842,
    1.9500000476837158,
    1.9249999523162842,
    1.975000023841858,
    2.0,
    1.975000023841858,
    1.899999976158142,
    1.9500000476837158,
    1.975000023841858,
    2.0,
    2.0,
    1.975000023841858,
    1.9500000476837158,
    1.899999976158142,
    1.9500000476837158,
    2.0,
    1.975000023841858,
    1.899999976158142,
    1.9500000476837158,
    1.975000023841858,
    1.9500000476837158,
    1.975000023841858,
    1.899999976158142
  ],
  "halted_fraction_by_position": [
    0.02500000037252903,
    0.0,
    0.02500000037252903,
    0.0,
    0.05000000074505806,
    0.05000000074505806,
    0.02500000037252903,
    0.02500000037252903,
    0.02500000037252903,
    0.05000000074505806,
    0.03750000149011612,
    0.08749999850988388,
    0.10000000149011612,
    0.012500000186264515,
    0.05000000074505806,
    0.0625,
    0.02500000037252903,
    0.0,
    0.08749999850988388,
    0.03750000149011612,
    0.02500000037252903,
    0.0,
    0.07500000298023224,
    0.08749999850988388,
    0.02500000037252903,
    0.0625,
    0.05000000074505806,
    0.07500000298023224,
    0.125,
    0.0625,
    0.08749999850988388,
    0.05000000074505806,
    0.03750000149011612,
    0.0,
    0.03750000149011612,
    0.02500000037252903,
    0.10000000149011612,
    0.0625,
    0.03750000149011612,
    0.05000000074505806,
    0.0625,
    0.02500000037252903,
    0.11249999701976776,
    0.03750000149011612,
    0.05000000074505806,
    0.125,
    0.05000000074505806,
    0.07500000298023224,
    0.07500000298023224,
    0.08749999850988388,
    0.0625,
    0.02500000037252903,
    0.02500000037252903,
    0.03750000149011612,
    0.012500000186264515,
    0.10000000149011612,
    0.03750000149011612,
    0.07500000298023224,
    0.03750000149011612,
    0.10000000149011612,
    0.0625,
    0.125,
    0.07500000298023224,
    0.0625,
    0.0625,
    0.0,
    0.07500000298023224,
    0.0625,
    0.05000000074505806,
    0.02500000037252903,
    0.08749999850988388,
    0.08749999850988388,
    0.07500000298023224,
    0.08749999850988388,
    0.16249999403953552,
    0.03750000149011612,
    0.012500000186264515,
    0.03750000149011612,
    0.125,
    0.05000000074505806,
    0.08749999850988388,
    0.03750000149011612,
    0.0625,
    0.10000000149011612,
    0.03750000149011612,
    0.02500000037252903,
    0.07500000298023224,
    0.11249999701976776,
    0.0625,
    0.0625,
    0.02500000037252903,
    0.02500000037252903,
    0.03750000149011612,
    0.0625,
    0.012500000186264515,
    0.10000000149011612,
    0.03750000149011612,
    0.03750000149011612,
    0.16249999403953552,
    0.08749999850988388,
    0.012500000186264515,
    0.08749999850988388,
    0.05000000074505806,
    0.0625,
    0.11249999701976776,
    0.08749999850988388,
    0.0625,
    0.10000000149011612,
    0.05000000074505806,
    0.03750000149011612,
    0.03750000149011612,
    0.11249999701976776,
    0.08749999850988388,
    0.03750000149011612,
    0.03750000149011612,
    0.012500000186264515,
    0.08749999850988388,
    0.10000000149011612,
    0.11249999701976776,
    0.08749999850988388,
    0.012500000186264515,
    0.05000000074505806,
    0.125,
    0.0625,
    0.0625,
    0.0625,
    0.05000000074505806,
    0.11249999701976776
  ]
}