{
  "variant": "full",
  "seed": 1,
  "device": "cuda",
  "dtype": "float32",
  "block_size": 128,
  "batch_size": 2,
  "max_train_steps": 1000,
  "parameter_count": 13220772,
  "train_loss": 5.7065778195858,
  "train_ppl": 300.8397766647695,
  "train_tokens_per_second": 4976.389967745749,
  "train_step_time_ms": 51.44291377067566,
  "val_loss": 8.317321872711181,
  "val_ppl": 4094.180575952097,
  "eval_tokens_per_second": 27567.821182004205,
  "eval_step_time_ms": 9.286189079284668,
  "num_layers_with_stats": 2.0,
  "mean_attention_trigger_rate": 0.475,
  "mean_active_fraction": 0.84384765625,
  "mean_halted_fraction": 0.15615234375,
  "mean_halt_step": 1.8599609375,
  "mean_executed_steps": 2.0,
  "mean_halt_step_by_position": [
    1.774999976158142,
    1.725000023841858,
    1.75,
    1.8250000476837158,
    1.774999976158142,
    1.75,
    1.8250000476837158,
    1.8250000476837158,
    1.774999976158142,
    1.8250000476837158,
    1.7999999523162842,
    1.8250000476837158,
    1.7999999523162842,
    1.9249999523162842,
    1.850000023841858,
    1.850000023841858,
    1.9249999523162842,
    1.774999976158142,
    1.8250000476837158,
    1.875,
    1.850000023841858,
    1.850000023841858,
    1.8250000476837158,
    1.899999976158142,
    1.899999976158142,
    1.850000023841858,
    1.9249999523162842,
    1.875,
    1.774999976158142,
    1.7999999523162842,
    1.975000023841858,
    1.850000023841858,
    1.8250000476837158,
    1.899999976158142,
    1.8250000476837158,
    1.9500000476837158,
    1.774999976158142,
    1.774999976158142,
    1.7999999523162842,
    1.8250000476837158,
    1.850000023841858,
    1.7999999523162842,
    1.850000023841858,
    1.875,
    1.9500000476837158,
    1.899999976158142,
    1.8250000476837158,
    1.875,
    1.899999976158142,
    1.9249999523162842,
    1.975000023841858,
    1.875,
    1.850000023841858,
    1.8250000476837158,
    1.899999976158142,
    1.8250000476837158,
    1.850000023841858,
    1.875,
    1.7999999523162842,
    1.899999976158142,
    1.899999976158142,
    1.850000023841858,
    1.850000023841858,
    1.8250000476837158,
    1.875,
    1.9500000476837158,
    1.9249999523162842,
    1.899999976158142,
    1.8250000476837158,
    1.899999976158142,
    1.8250000476837158,
    1.850000023841858,
    1.899999976158142,
    1.8250000476837158,
    1.9249999523162842,
    1.899999976158142,
    1.9249999523162842,
    1.875,
    1.875,
    1.875,
    1.9249999523162842,
    1.9249999523162842,
    1.899999976158142,
    1.899999976158142,
    1.774999976158142,
    1.9249999523162842,
    1.9249999523162842,
    1.899999976158142,
    1.875,
    1.850000023841858,
    1.899999976158142,
    1.9249999523162842,
    1.850000023841858,
    1.899999976158142,
    1.875,
    1.899999976158142,
    1.774999976158142,
    1.8250000476837158,
    1.850000023841858,
    1.899999976158142,
    1.875,
    1.850000023841858,
    1.899999976158142,
    1.899999976158142,
    1.875,
    1.875,
    1.875,
    1.875,
    1.875,
    1.8250000476837158,
    1.9500000476837158,
    1.8250000476837158,
    1.850000023841858,
    1.9249999523162842,
    1.850000023841858,
    1.899999976158142,
    1.8250000476837158,
    1.75,
    1.850000023841858,
    1.7999999523162842,
    1.875,
    1.774999976158142,
    1.774999976158142,
    1.875,
    1.975000023841858,
    1.899999976158142,
    1.850000023841858,
    1.850000023841858
  ],
  "halted_fraction_by_position": [
    0.22499999403953552,
    0.2750000059604645,
    0.26249998807907104,
    0.17499999701976776,
    0.23749999701976776,
    0.25,
    0.20000000298023224,
    0.1875,
    0.25,
    0.17499999701976776,
    0.20000000298023224,
    0.17499999701976776,
    0.23749999701976776,
    0.07500000298023224,
    0.1875,
    0.17499999701976776,
    0.07500000298023224,
    0.22499999403953552,
    0.17499999701976776,
    0.13750000298023224,
    0.1875,
    0.16249999403953552,
    0.1875,
    0.10000000149011612,
    0.125,
    0.15000000596046448,
    0.07500000298023224,
    0.125,
    0.23749999701976776,
    0.21250000596046448,
    0.02500000037252903,
    0.16249999403953552,
    0.1875,
    0.10000000149011612,
    0.21250000596046448,
    0.0625,
    0.25,
    0.22499999403953552,
    0.22499999403953552,
    0.21250000596046448,
    0.16249999403953552,
    0.2750000059604645,
    0.16249999403953552,
    0.13750000298023224,
    0.05000000074505806,
    0.125,
    0.17499999701976776,
    0.13750000298023224,
    0.125,
    0.07500000298023224,
    0.0625,
    0.16249999403953552,
    0.17499999701976776,
    0.17499999701976776,
    0.11249999701976776,
    0.1875,
    0.17499999701976776,
    0.13750000298023224,
    0.20000000298023224,
    0.11249999701976776,
    0.125,
    0.21250000596046448,
    0.1875,
    0.1875,
    0.125,
    0.05000000074505806,
    0.10000000149011612,
    0.11249999701976776,
    0.1875,
    0.10000000149011612,
    0.22499999403953552,
    0.17499999701976776,
    0.10000000149011612,
    0.1875,
    0.07500000298023224,
    0.10000000149011612,
    0.08749999850988388,
    0.13750000298023224,
    0.15000000596046448,
    0.13750000298023224,
    0.10000000149011612,
    0.10000000149011612,
    0.125,
    0.10000000149011612,
    0.23749999701976776,
    0.07500000298023224,
    0.07500000298023224,
    0.10000000149011612,
    0.13750000298023224,
    0.17499999701976776,
    0.10000000149011612,
    0.10000000149011612,
    0.17499999701976776,
    0.11249999701976776,
    0.125,
    0.125,
    0.23749999701976776,
    0.17499999701976776,
    0.1875,
    0.11249999701976776,
    0.20000000298023224,
    0.16249999403953552,
    0.11249999701976776,
    0.10000000149011612,
    0.13750000298023224,
    0.125,
    0.16249999403953552,
    0.16249999403953552,
    0.15000000596046448,
    0.1875,
    0.05000000074505806,
    0.17499999701976776,
    0.15000000596046448,
    0.11249999701976776,
    0.17499999701976776,
    0.15000000596046448,
    0.21250000596046448,
    0.26249998807907104,
    0.17499999701976776,
    0.20000000298023224,
    0.125,
    0.25,
    0.23749999701976776,
    0.17499999701976776,
    0.07500000298023224,
    0.13750000298023224,
    0.16249999403953552,
    0.17499999701976776
  ]
}